/*
 Navicat Premium Data Transfer

 Source Server         : chengjiang_09
 Source Server Type    : MySQL
 Source Server Version : 80032 (8.0.32)
 Source Host           : localhost:3306
 Source Schema         : online_design

 Target Server Type    : MySQL
 Target Server Version : 80032 (8.0.32)
 File Encoding         : 65001

 Date: 16/05/2023 12:37:11
*/

SET NAMES utf8mb4;
SET FOREIGN_KEY_CHECKS = 0;

-- ----------------------------
-- Table structure for canvas_header_menu
-- ----------------------------
DROP TABLE IF EXISTS `canvas_header_menu`;
CREATE TABLE `canvas_header_menu`  (
  `created_at` datetime NULL DEFAULT NULL,
  `updated_at` datetime NULL DEFAULT NULL,
  `deleted_at` datetime NULL DEFAULT NULL,
  `id` int NOT NULL AUTO_INCREMENT,
  `name` varchar(255) CHARACTER SET utf8mb4 COLLATE utf8mb4_0900_ai_ci NULL DEFAULT NULL,
  `type` varchar(255) CHARACTER SET utf8mb4 COLLATE utf8mb4_0900_ai_ci NULL DEFAULT NULL,
  PRIMARY KEY (`id`) USING BTREE
) ENGINE = InnoDB AUTO_INCREMENT = 10 CHARACTER SET = utf8mb4 COLLATE = utf8mb4_0900_ai_ci ROW_FORMAT = Dynamic;

-- ----------------------------
-- Records of canvas_header_menu
-- ----------------------------
INSERT INTO `canvas_header_menu` VALUES ('2023-04-05 15:25:58', '2023-04-05 15:26:01', NULL, 1, '编辑模式', 'edit');
INSERT INTO `canvas_header_menu` VALUES ('2023-04-05 15:30:38', '2023-04-05 15:30:40', NULL, 2, '阅览模式', 'reading');
INSERT INTO `canvas_header_menu` VALUES ('2023-04-05 15:30:56', '2023-04-05 15:30:58', NULL, 3, '撤销', 'revoke');
INSERT INTO `canvas_header_menu` VALUES ('2023-04-05 15:31:19', '2023-04-05 15:31:22', NULL, 4, '重做', 'redo');
INSERT INTO `canvas_header_menu` VALUES ('2023-04-05 15:32:00', '2023-04-05 15:32:03', NULL, 6, '实际阅览', 'actualReading');
INSERT INTO `canvas_header_menu` VALUES ('2023-04-05 15:32:22', '2023-04-05 15:32:25', NULL, 7, '编辑画布', 'editCanvas');
INSERT INTO `canvas_header_menu` VALUES ('2023-04-05 15:32:49', '2023-04-05 15:32:51', NULL, 8, '保存', 'complete');
INSERT INTO `canvas_header_menu` VALUES ('2023-05-02 10:14:12', '2023-05-02 10:14:14', NULL, 9, '删除', 'delete');

-- ----------------------------
-- Table structure for charts
-- ----------------------------
DROP TABLE IF EXISTS `charts`;
CREATE TABLE `charts`  (
  `created_at` datetime NULL DEFAULT NULL,
  `updated_at` datetime NULL DEFAULT NULL,
  `deleted_at` datetime NULL DEFAULT NULL,
  `id` int NOT NULL AUTO_INCREMENT,
  `author_name` varchar(255) CHARACTER SET utf8mb4 COLLATE utf8mb4_0900_ai_ci NULL DEFAULT NULL,
  `author_id` int NULL DEFAULT NULL,
  `origin_author_name` varchar(255) CHARACTER SET utf8mb4 COLLATE utf8mb4_0900_ai_ci NULL DEFAULT NULL,
  `origin_author_id` int NULL DEFAULT NULL,
  `group_id` json NULL COMMENT '通过组ID决定模板的显示对象',
  `title` varchar(255) CHARACTER SET utf8mb4 COLLATE utf8mb4_0900_ai_ci NULL DEFAULT NULL,
  `context` varchar(255) CHARACTER SET utf8mb4 COLLATE utf8mb4_0900_ai_ci NULL DEFAULT NULL,
  PRIMARY KEY (`id`) USING BTREE
) ENGINE = InnoDB AUTO_INCREMENT = 81 CHARACTER SET = utf8mb4 COLLATE = utf8mb4_0900_ai_ci ROW_FORMAT = Dynamic;

-- ----------------------------
-- Records of charts
-- ----------------------------
INSERT INTO `charts` VALUES ('2023-04-23 17:21:58', '2023-05-16 10:14:06', NULL, 79, 'chengjiang_09@163.com', 9, 'chengjiang_09@163.com', 9, '[1]', '测试数据2', '测试数据2测试数据2测试数据2');
INSERT INTO `charts` VALUES ('2023-05-05 09:35:21', '2023-05-05 09:35:21', NULL, 80, 'chengjiang_09@163.com', 9, 'chengjiang_09@163.com', 9, '[1]', '测试3', '测试3测试3测试3');

-- ----------------------------
-- Table structure for charts_data
-- ----------------------------
DROP TABLE IF EXISTS `charts_data`;
CREATE TABLE `charts_data`  (
  `created_at` datetime NULL DEFAULT NULL,
  `updated_at` datetime NULL DEFAULT NULL,
  `deleted_at` datetime NULL DEFAULT NULL,
  `id` int NOT NULL AUTO_INCREMENT,
  `chart_id` int NULL DEFAULT NULL,
  `data` json NULL,
  `base_data` json NULL,
  PRIMARY KEY (`id`) USING BTREE,
  INDEX `to_chart`(`chart_id` ASC) USING BTREE,
  CONSTRAINT `to_chart` FOREIGN KEY (`chart_id`) REFERENCES `charts` (`id`) ON DELETE RESTRICT ON UPDATE RESTRICT
) ENGINE = InnoDB AUTO_INCREMENT = 68 CHARACTER SET = utf8mb4 COLLATE = utf8mb4_0900_ai_ci ROW_FORMAT = Dynamic;

-- ----------------------------
-- Records of charts_data
-- ----------------------------
INSERT INTO `charts_data` VALUES ('2023-04-23 17:21:58', '2023-05-16 10:14:06', NULL, 66, 79, '{\"color\": \"#ffffff\", \"width\": 1920, \"height\": 1080, \"opacity\": \"0.5\", \"children\": [{\"id\": \"layout1682241635074\", \"icon\": null, \"type\": \"layout\", \"label\": \"布局盒子\", \"default\": [{\"id\": 3, \"icon\": null, \"type\": \"configure\", \"label\": \"布局配置\", \"action\": true, \"component\": \"configureList\", \"configure\": [{\"id\": 7, \"type\": \"item\", \"label\": \"布局类型\", \"value\": \"leftAndRight\", \"values\": [], \"default\": [{\"id\": 3, \"type\": \"gridLayout\", \"label\": \"网格布局\", \"value\": \"grid\", \"created_at\": \"2023-04-03T08:25:47.000Z\", \"updated_at\": \"2023-04-03T08:25:50.000Z\", \"configures_id\": 7}, {\"id\": 2, \"type\": \"leftAndRightLayout\", \"label\": \"左右布局\", \"value\": \"leftAndRight\", \"created_at\": \"2023-04-03T08:25:07.000Z\", \"updated_at\": \"2023-04-03T08:25:08.000Z\", \"configures_id\": 7}, {\"id\": 1, \"type\": \"scatteredLayout\", \"label\": \"无布局\", \"value\": \"scattered\", \"created_at\": \"2023-04-03T08:24:04.000Z\", \"updated_at\": \"2023-04-03T08:24:07.000Z\", \"configures_id\": 7}], \"disabled\": null, \"jsonData\": null, \"component\": \"configureLayoutConfig\", \"created_at\": \"2023-04-03T08:21:39.000Z\", \"updated_at\": \"2023-04-03T08:21:41.000Z\", \"defaults_id\": 3}], \"created_at\": \"2023-04-03T07:52:47.000Z\", \"updated_at\": \"2023-04-03T07:52:49.000Z\", \"components_id\": 2}], \"imgPath\": null, \"children\": [{\"id\": \"layoutChild16822416360950\", \"type\": \"layoutChild\", \"label\": \"布局子盒子\", \"default\": [{\"type\": \"height\", \"label\": \"\", \"value\": \"100%\", \"component\": \"\"}, {\"type\": \"width\", \"label\": \"\", \"value\": \"50%\", \"component\": \"\"}], \"children\": [{\"id\": \"panel1682241640079\", \"icon\": \"el-icon-box\", \"type\": \"panel\", \"label\": \"容器盒子\", \"default\": [{\"id\": 1, \"icon\": null, \"type\": \"configure\", \"label\": \"容器配置\", \"action\": true, \"component\": \"configureList\", \"configure\": [{\"id\": 1, \"type\": \"title\", \"label\": \"标题\", \"value\": \"容器标题\", \"values\": [], \"default\": [], \"disabled\": null, \"jsonData\": null, \"component\": \"configureInput\", \"created_at\": \"2023-04-03T08:03:36.000Z\", \"updated_at\": \"2023-04-03T08:03:38.000Z\", \"defaults_id\": 1}, {\"id\": 2, \"type\": \"backgroundImage\", \"label\": \"背景图片url\", \"value\": null, \"values\": [], \"default\": [], \"disabled\": null, \"jsonData\": null, \"component\": \"configureInput\", \"created_at\": \"2023-04-03T08:14:03.000Z\", \"updated_at\": \"2023-04-03T08:14:06.000Z\", \"defaults_id\": 1}, {\"id\": 3, \"type\": \"backgroundColor\", \"label\": \"背景颜色\", \"value\": \"rgba(0, 0, 0, 1)\", \"values\": [], \"default\": [], \"disabled\": null, \"jsonData\": [\"#00ced1\", \"#1e90ff\", \"#c71585\", \"rgba(255, 69, 0, 0.68)\", \"rgb(255, 120, 0)\", \"hsv(51, 100, 98)\"], \"component\": \"configureColor\", \"created_at\": \"2023-04-03T08:15:03.000Z\", \"updated_at\": \"2023-04-03T08:15:05.000Z\", \"defaults_id\": 1}, {\"id\": 4, \"type\": \"opacity\", \"label\": \"背景透明度\", \"value\": \"1\", \"values\": [], \"default\": [], \"disabled\": null, \"jsonData\": null, \"component\": \"configureInput\", \"created_at\": \"2023-04-03T08:15:51.000Z\", \"updated_at\": \"2023-04-03T08:15:53.000Z\", \"defaults_id\": 1}, {\"id\": 5, \"type\": \"fontSize\", \"label\": \"字体大小(px)\", \"value\": \"16\", \"values\": [], \"default\": [], \"disabled\": null, \"jsonData\": null, \"component\": \"configureInput\", \"created_at\": \"2023-04-03T08:16:42.000Z\", \"updated_at\": \"2023-04-03T08:16:45.000Z\", \"defaults_id\": 1}, {\"id\": 6, \"type\": \"color\", \"label\": \"字体颜色\", \"value\": \"#000000\", \"values\": [], \"default\": [], \"disabled\": null, \"jsonData\": [\"#00ced1\", \"#1e90ff\", \"#c71585\", \"rgba(255, 69, 0, 0.68)\", \"rgb(255, 120, 0)\", \"hsv(51, 100, 98)\"], \"component\": \"configureColor\", \"created_at\": \"2023-04-03T08:17:17.000Z\", \"updated_at\": \"2023-04-03T08:17:19.000Z\", \"defaults_id\": 1}], \"created_at\": \"2023-04-03T07:49:55.000Z\", \"updated_at\": \"2023-04-03T07:49:57.000Z\", \"components_id\": 1}, {\"id\": 2, \"icon\": null, \"type\": \"dataFrom\", \"label\": \"数据源配置\", \"action\": false, \"component\": \"dataFromPanelList\", \"configure\": [], \"created_at\": \"2023-04-03T07:52:12.000Z\", \"updated_at\": \"2023-04-03T07:52:14.000Z\", \"components_id\": 1}], \"imgPath\": null, \"children\": [{\"id\": \"img1682241651694\", \"icon\": null, \"type\": \"img\", \"label\": \"修狗图片\", \"default\": [{\"id\": 8, \"icon\": null, \"type\": \"configure\", \"label\": \"数据源配置\", \"action\": true, \"component\": \"configureList\", \"configure\": [{\"id\": 22, \"type\": \"src\", \"label\": \"图片url\", \"value\": \"https://img1.baidu.com/it/u=1795611050,2013221134&fm=253&fmt=auto&app=120&f=JPEG?w=1422&h=800\", \"values\": [], \"default\": [], \"disabled\": null, \"jsonData\": null, \"component\": \"configureInput\", \"created_at\": \"2023-04-03T09:26:19.000Z\", \"updated_at\": \"2023-04-03T09:26:22.000Z\", \"defaults_id\": 8}], \"created_at\": \"2023-04-03T09:27:53.000Z\", \"updated_at\": \"2023-04-03T09:27:55.000Z\", \"components_id\": 5}, {\"id\": 9, \"icon\": null, \"type\": \"position\", \"label\": \"定位配置\", \"action\": false, \"component\": \"configureList\", \"configure\": [{\"id\": 23, \"type\": \"width\", \"label\": \"宽度(px)\", \"value\": \"500\", \"values\": [], \"default\": [], \"disabled\": \"0\", \"jsonData\": null, \"component\": \"configureInput\", \"created_at\": \"2023-04-03T09:29:11.000Z\", \"updated_at\": \"2023-04-03T09:29:14.000Z\", \"defaults_id\": 9}, {\"id\": 24, \"type\": \"height\", \"label\": \"高度(px)\", \"value\": \"450\", \"values\": [], \"default\": [], \"disabled\": \"0\", \"jsonData\": null, \"component\": \"configureInput\", \"created_at\": \"2023-04-03T09:31:23.000Z\", \"updated_at\": \"2023-04-03T09:31:25.000Z\", \"defaults_id\": 9}, {\"id\": 25, \"type\": \"top\", \"label\": \"top(px)\", \"value\": 607, \"values\": [], \"default\": [], \"disabled\": \"0\", \"jsonData\": null, \"component\": \"configureInput\", \"created_at\": \"2023-04-03T09:31:48.000Z\", \"updated_at\": \"2023-04-03T09:31:51.000Z\", \"defaults_id\": 9}, {\"id\": 26, \"type\": \"left\", \"label\": \"left(px)\", \"value\": 392, \"values\": [], \"default\": [], \"disabled\": \"0\", \"jsonData\": null, \"component\": \"configureInput\", \"created_at\": \"2023-04-03T09:32:12.000Z\", \"updated_at\": \"2023-04-03T09:32:14.000Z\", \"defaults_id\": 9}], \"created_at\": \"2023-04-03T09:28:27.000Z\", \"updated_at\": \"2023-04-03T09:28:29.000Z\", \"components_id\": 5}], \"imgPath\": null, \"children\": [], \"fatherId\": \"panel1682241640079\", \"component\": \"designImg\", \"newHeight\": \"\", \"created_at\": \"2023-04-03T07:48:45.000Z\", \"updated_at\": \"2023-04-03T07:48:47.000Z\", \"template_id\": 3}, {\"id\": \"lineChart1682241649512\", \"icon\": null, \"type\": \"lineChart\", \"label\": \"折线图\", \"default\": [{\"id\": 5, \"icon\": null, \"type\": \"configure\", \"label\": \"折线图配置\", \"action\": false, \"component\": \"configureList\", \"configure\": [{\"id\": 15, \"type\": \"title\", \"label\": \"标题配置\", \"value\": [{\"id\": 4, \"type\": \"textStyle\", \"label\": \"标题样式\", \"value\": [{\"id\": 1, \"type\": \"color\", \"label\": \"字体颜色\", \"value\": \"#000000\", \"jsonData\": [\"#00ced1\", \"#1e90ff\", \"#c71585\", \"rgba(255, 69, 0, 0.68)\", \"rgb(255, 120, 0)\", \"hsv(51, 100, 98)\"], \"value_id\": 4, \"component\": \"configureColor\", \"created_at\": \"2023-04-04T23:42:50.000Z\", \"updated_at\": \"2023-04-04T23:42:54.000Z\"}], \"values\": [{\"id\": 1, \"type\": \"color\", \"label\": \"字体颜色\", \"value\": \"#000000\", \"jsonData\": [\"#00ced1\", \"#1e90ff\", \"#c71585\", \"rgba(255, 69, 0, 0.68)\", \"rgb(255, 120, 0)\", \"hsv(51, 100, 98)\"], \"value_id\": 4, \"component\": \"configureColor\", \"created_at\": \"2023-04-04T23:42:50.000Z\", \"updated_at\": \"2023-04-04T23:42:54.000Z\"}], \"component\": \"configureChartList\", \"created_at\": \"2023-04-03T08:41:23.000Z\", \"updated_at\": \"2023-04-03T08:41:25.000Z\", \"configures_id\": 15}, {\"id\": 3, \"type\": \"link\", \"label\": \"标题超链接\", \"value\": null, \"values\": [], \"component\": \"configureInput\", \"created_at\": \"2023-04-03T08:40:58.000Z\", \"updated_at\": \"2023-04-03T08:41:00.000Z\", \"configures_id\": 15}, {\"id\": 2, \"type\": \"show\", \"label\": \"显示\", \"value\": \"1\", \"values\": [], \"component\": \"configureSwitch\", \"created_at\": \"2023-04-03T08:37:35.000Z\", \"updated_at\": \"2023-04-03T08:37:38.000Z\", \"configures_id\": 15}, {\"id\": 1, \"type\": \"text\", \"label\": \"标题\", \"value\": \"折线图标题\", \"values\": [], \"component\": \"configureInput\", \"created_at\": \"2023-04-03T08:35:35.000Z\", \"updated_at\": \"2023-04-03T08:35:38.000Z\", \"configures_id\": 15}], \"values\": [{\"id\": 4, \"type\": \"textStyle\", \"label\": \"标题样式\", \"value\": [{\"id\": 1, \"type\": \"color\", \"label\": \"字体颜色\", \"value\": \"#000000\", \"jsonData\": [\"#00ced1\", \"#1e90ff\", \"#c71585\", \"rgba(255, 69, 0, 0.68)\", \"rgb(255, 120, 0)\", \"hsv(51, 100, 98)\"], \"value_id\": 4, \"component\": \"configureColor\", \"created_at\": \"2023-04-04T23:42:50.000Z\", \"updated_at\": \"2023-04-04T23:42:54.000Z\"}], \"values\": [{\"id\": 1, \"type\": \"color\", \"label\": \"字体颜色\", \"value\": \"#000000\", \"jsonData\": [\"#00ced1\", \"#1e90ff\", \"#c71585\", \"rgba(255, 69, 0, 0.68)\", \"rgb(255, 120, 0)\", \"hsv(51, 100, 98)\"], \"value_id\": 4, \"component\": \"configureColor\", \"created_at\": \"2023-04-04T23:42:50.000Z\", \"updated_at\": \"2023-04-04T23:42:54.000Z\"}], \"component\": \"configureChartList\", \"created_at\": \"2023-04-03T08:41:23.000Z\", \"updated_at\": \"2023-04-03T08:41:25.000Z\", \"configures_id\": 15}, {\"id\": 3, \"type\": \"link\", \"label\": \"标题超链接\", \"value\": null, \"values\": [], \"component\": \"configureInput\", \"created_at\": \"2023-04-03T08:40:58.000Z\", \"updated_at\": \"2023-04-03T08:41:00.000Z\", \"configures_id\": 15}, {\"id\": 2, \"type\": \"show\", \"label\": \"显示\", \"value\": \"1\", \"values\": [], \"component\": \"configureSwitch\", \"created_at\": \"2023-04-03T08:37:35.000Z\", \"updated_at\": \"2023-04-03T08:37:38.000Z\", \"configures_id\": 15}, {\"id\": 1, \"type\": \"text\", \"label\": \"标题\", \"value\": \"折线图标题\", \"values\": [], \"component\": \"configureInput\", \"created_at\": \"2023-04-03T08:35:35.000Z\", \"updated_at\": \"2023-04-03T08:35:38.000Z\", \"configures_id\": 15}], \"default\": [], \"disabled\": null, \"jsonData\": null, \"component\": \"configureChartList\", \"created_at\": \"2023-04-03T08:31:10.000Z\", \"updated_at\": \"2023-04-03T08:31:12.000Z\", \"defaults_id\": 5}], \"created_at\": \"2023-04-03T07:56:27.000Z\", \"updated_at\": \"2023-04-03T07:56:29.000Z\", \"components_id\": 4}, {\"id\": 6, \"icon\": null, \"type\": \"position\", \"label\": \"定位配置\", \"action\": false, \"component\": \"configureList\", \"configure\": [{\"id\": 16, \"type\": \"width\", \"label\": \"宽度(px)\", \"value\": \"500\", \"values\": [], \"default\": [], \"disabled\": \"0\", \"jsonData\": null, \"component\": \"configureInput\", \"created_at\": \"2023-04-03T08:59:59.000Z\", \"updated_at\": \"2023-04-03T09:00:01.000Z\", \"defaults_id\": 6}, {\"id\": 17, \"type\": \"height\", \"label\": \"高度(px)\", \"value\": \"450\", \"values\": [], \"default\": [], \"disabled\": \"0\", \"jsonData\": null, \"component\": \"configureInput\", \"created_at\": \"2023-04-03T09:09:04.000Z\", \"updated_at\": \"2023-04-03T09:09:06.000Z\", \"defaults_id\": 6}, {\"id\": 18, \"type\": \"top\", \"label\": \"top(px)\", \"value\": 0, \"values\": [], \"default\": [], \"disabled\": \"0\", \"jsonData\": null, \"component\": \"configureInput\", \"created_at\": \"2023-04-03T09:09:43.000Z\", \"updated_at\": \"2023-04-03T09:09:45.000Z\", \"defaults_id\": 6}, {\"id\": 19, \"type\": \"left\", \"label\": \"left(px)\", \"value\": 0, \"values\": [], \"default\": [], \"disabled\": \"0\", \"jsonData\": null, \"component\": \"configureInput\", \"created_at\": \"2023-04-03T09:10:28.000Z\", \"updated_at\": \"2023-04-03T09:10:31.000Z\", \"defaults_id\": 6}], \"created_at\": \"2023-04-03T07:57:13.000Z\", \"updated_at\": \"2023-04-03T07:57:15.000Z\", \"components_id\": 4}, {\"id\": 7, \"icon\": null, \"type\": \"dataFrom\", \"label\": \"数据源配置\", \"action\": true, \"component\": \"dataFromList\", \"configure\": [{\"id\": 20, \"type\": \"staticData\", \"label\": \"静态数据源\", \"value\": \"\", \"values\": [], \"default\": [], \"disabled\": null, \"jsonData\": {\"xAxis\": {\"data\": [\"Mon\", \"Tue\", \"Wed\", \"Thu\", \"Fri\", \"Sat\", \"Sun\"], \"type\": \"category\"}, \"yAxis\": {\"type\": \"value\"}, \"series\": [{\"data\": [150, 230, 224, 218, 135, 147, 260], \"type\": \"line\"}]}, \"component\": null, \"created_at\": \"2023-04-03T09:11:42.000Z\", \"updated_at\": \"2023-04-03T09:11:45.000Z\", \"defaults_id\": 7}, {\"id\": 21, \"type\": \"dynamicDataUrl\", \"label\": \"动态数据源url\", \"value\": \"http://127.0.0.1:8001/dataFrom/demo1\", \"values\": [], \"default\": [], \"disabled\": null, \"jsonData\": {\"param\": {}, \"select\": true, \"methods\": \"GET\"}, \"component\": null, \"created_at\": \"2023-04-03T09:25:26.000Z\", \"updated_at\": \"2023-04-03T09:25:29.000Z\", \"defaults_id\": 7}], \"created_at\": \"2023-04-03T07:58:12.000Z\", \"updated_at\": \"2023-04-03T07:58:16.000Z\", \"components_id\": 4}], \"imgPath\": null, \"children\": [], \"fatherId\": \"panel1682241640079\", \"component\": \"designChart\", \"newHeight\": \"\", \"created_at\": \"2023-04-03T07:47:39.000Z\", \"updated_at\": \"2023-04-03T07:47:41.000Z\", \"template_id\": 2}], \"fatherId\": \"layoutChild16822416360950\", \"component\": \"designPanel\", \"newHeight\": \"\", \"created_at\": \"2023-04-03T07:42:51.000Z\", \"updated_at\": \"2023-04-03T07:42:53.000Z\", \"template_id\": 1}], \"fatherId\": \"layout1682241635074\", \"component\": \"layoutBox\", \"layoutData\": {\"id\": \"layout1682241635074\", \"default\": [{\"id\": 3, \"icon\": null, \"type\": \"configure\", \"label\": \"布局配置\", \"action\": true, \"component\": \"configureList\", \"configure\": [{\"id\": 7, \"type\": \"item\", \"label\": \"布局类型\", \"value\": \"leftAndRight\", \"values\": [], \"default\": [{\"id\": 3, \"type\": \"gridLayout\", \"label\": \"网格布局\", \"value\": \"grid\", \"created_at\": \"2023-04-03T08:25:47.000Z\", \"updated_at\": \"2023-04-03T08:25:50.000Z\", \"configures_id\": 7}, {\"id\": 2, \"type\": \"leftAndRightLayout\", \"label\": \"左右布局\", \"value\": \"leftAndRight\", \"created_at\": \"2023-04-03T08:25:07.000Z\", \"updated_at\": \"2023-04-03T08:25:08.000Z\", \"configures_id\": 7}, {\"id\": 1, \"type\": \"scatteredLayout\", \"label\": \"无布局\", \"value\": \"scattered\", \"created_at\": \"2023-04-03T08:24:04.000Z\", \"updated_at\": \"2023-04-03T08:24:07.000Z\", \"configures_id\": 7}], \"disabled\": null, \"jsonData\": null, \"component\": \"configureLayoutConfig\", \"created_at\": \"2023-04-03T08:21:39.000Z\", \"updated_at\": \"2023-04-03T08:21:41.000Z\", \"defaults_id\": 3}], \"created_at\": \"2023-04-03T07:52:47.000Z\", \"updated_at\": \"2023-04-03T07:52:49.000Z\", \"components_id\": 2}]}}, {\"id\": \"layoutChild16822416360951\", \"type\": \"layoutChild\", \"label\": \"布局子盒子\", \"default\": [{\"type\": \"height\", \"label\": \"\", \"value\": \"100%\", \"component\": \"\"}, {\"type\": \"width\", \"label\": \"\", \"value\": \"50%\", \"component\": \"\"}], \"children\": [{\"id\": \"panel1682241641519\", \"icon\": \"el-icon-box\", \"type\": \"panel\", \"label\": \"容器盒子\", \"default\": [{\"id\": 1, \"icon\": null, \"type\": \"configure\", \"label\": \"容器配置\", \"action\": true, \"component\": \"configureList\", \"configure\": [{\"id\": 1, \"type\": \"title\", \"label\": \"标题\", \"value\": \"容器标题\", \"values\": [], \"default\": [], \"disabled\": null, \"jsonData\": null, \"component\": \"configureInput\", \"created_at\": \"2023-04-03T08:03:36.000Z\", \"updated_at\": \"2023-04-03T08:03:38.000Z\", \"defaults_id\": 1}, {\"id\": 2, \"type\": \"backgroundImage\", \"label\": \"背景图片url\", \"value\": null, \"values\": [], \"default\": [], \"disabled\": null, \"jsonData\": null, \"component\": \"configureInput\", \"created_at\": \"2023-04-03T08:14:03.000Z\", \"updated_at\": \"2023-04-03T08:14:06.000Z\", \"defaults_id\": 1}, {\"id\": 3, \"type\": \"backgroundColor\", \"label\": \"背景颜色\", \"value\": \"rgba(255, 255, 255, 1)\", \"values\": [], \"default\": [], \"disabled\": null, \"jsonData\": [\"#00ced1\", \"#1e90ff\", \"#c71585\", \"rgba(255, 69, 0, 0.68)\", \"rgb(255, 120, 0)\", \"hsv(51, 100, 98)\"], \"component\": \"configureColor\", \"created_at\": \"2023-04-03T08:15:03.000Z\", \"updated_at\": \"2023-04-03T08:15:05.000Z\", \"defaults_id\": 1}, {\"id\": 4, \"type\": \"opacity\", \"label\": \"背景透明度\", \"value\": \"1\", \"values\": [], \"default\": [], \"disabled\": null, \"jsonData\": null, \"component\": \"configureInput\", \"created_at\": \"2023-04-03T08:15:51.000Z\", \"updated_at\": \"2023-04-03T08:15:53.000Z\", \"defaults_id\": 1}, {\"id\": 5, \"type\": \"fontSize\", \"label\": \"字体大小(px)\", \"value\": \"16\", \"values\": [], \"default\": [], \"disabled\": null, \"jsonData\": null, \"component\": \"configureInput\", \"created_at\": \"2023-04-03T08:16:42.000Z\", \"updated_at\": \"2023-04-03T08:16:45.000Z\", \"defaults_id\": 1}, {\"id\": 6, \"type\": \"color\", \"label\": \"字体颜色\", \"value\": \"#000000\", \"values\": [], \"default\": [], \"disabled\": null, \"jsonData\": [\"#00ced1\", \"#1e90ff\", \"#c71585\", \"rgba(255, 69, 0, 0.68)\", \"rgb(255, 120, 0)\", \"hsv(51, 100, 98)\"], \"component\": \"configureColor\", \"created_at\": \"2023-04-03T08:17:17.000Z\", \"updated_at\": \"2023-04-03T08:17:19.000Z\", \"defaults_id\": 1}], \"created_at\": \"2023-04-03T07:49:55.000Z\", \"updated_at\": \"2023-04-03T07:49:57.000Z\", \"components_id\": 1}, {\"id\": 2, \"icon\": null, \"type\": \"dataFrom\", \"label\": \"数据源配置\", \"action\": false, \"component\": \"dataFromPanelList\", \"configure\": [], \"created_at\": \"2023-04-03T07:52:12.000Z\", \"updated_at\": \"2023-04-03T07:52:14.000Z\", \"components_id\": 1}], \"imgPath\": null, \"children\": [{\"id\": \"font1684203085405\", \"icon\": null, \"type\": \"font\", \"label\": \"字体\", \"default\": [{\"id\": 12, \"icon\": null, \"type\": \"configure\", \"label\": \"样式配置\", \"action\": true, \"component\": \"configureList\", \"configure\": [{\"id\": 1684202355434, \"type\": \"font\", \"label\": \"内容\", \"value\": \"你好啊啊啊啊啊啊啊啊啊啊啊啊啊啊啊啊啊啊啊啊啊啊啊啊啊啊啊啊啊啊啊啊啊啊啊啊啊啊啊啊啊啊啊啊啊啊啊啊啊啊啊\", \"values\": [], \"default\": [], \"disabled\": \"0\", \"jsonData\": {}, \"component\": \"configureInput\", \"created_at\": \"2023-05-16T01:59:18.000Z\", \"updated_at\": \"2023-05-16T01:59:18.000Z\", \"defaults_id\": 12}], \"created_at\": \"2023-05-05T02:17:43.000Z\", \"updated_at\": \"2023-05-05T02:17:45.000Z\", \"components_id\": 6}, {\"id\": 1684201094259, \"icon\": \"\", \"type\": \"position\", \"label\": \"定位配置\", \"action\": false, \"component\": \"configureList\", \"configure\": [{\"id\": 1684142920399, \"type\": \"width\", \"label\": \"宽度(px)\", \"value\": 294, \"values\": [], \"default\": [], \"disabled\": \"0\", \"jsonData\": null, \"component\": \"configureInput\", \"created_at\": \"2023-05-16T01:38:19.000Z\", \"updated_at\": \"2023-05-16T01:38:19.000Z\", \"defaults_id\": 1684201094259}, {\"id\": 1684142920400, \"type\": \"height\", \"label\": \"高度(px)\", \"value\": 161, \"values\": [], \"default\": [], \"disabled\": \"0\", \"jsonData\": null, \"component\": \"configureInput\", \"created_at\": \"2023-05-16T01:38:19.000Z\", \"updated_at\": \"2023-05-16T01:38:19.000Z\", \"defaults_id\": 1684201094259}, {\"id\": 1684142920401, \"type\": \"top\", \"label\": \"top(px)\", \"value\": 60, \"values\": [], \"default\": [], \"disabled\": \"0\", \"jsonData\": null, \"component\": \"configureInput\", \"created_at\": \"2023-05-16T01:38:19.000Z\", \"updated_at\": \"2023-05-16T01:38:19.000Z\", \"defaults_id\": 1684201094259}, {\"id\": 1684142920402, \"type\": \"left\", \"label\": \"left(px)\", \"value\": 40, \"values\": [], \"default\": [], \"disabled\": \"0\", \"jsonData\": null, \"component\": \"configureInput\", \"created_at\": \"2023-05-16T01:38:19.000Z\", \"updated_at\": \"2023-05-16T01:38:19.000Z\", \"defaults_id\": 1684201094259}], \"created_at\": \"2023-05-16T01:38:19.000Z\", \"updated_at\": \"2023-05-16T01:38:19.000Z\", \"components_id\": 6}], \"imgPath\": null, \"children\": [], \"fatherId\": \"panel1682241641519\", \"component\": \"designFont\", \"newHeight\": \"\", \"created_at\": \"2023-05-05T02:16:27.000Z\", \"updated_at\": \"2023-05-05T02:16:30.000Z\", \"template_id\": 4}, {\"id\": \"lineChart1682241818608\", \"icon\": null, \"type\": \"lineChart\", \"label\": \"折线图\", \"default\": [{\"id\": 5, \"icon\": null, \"type\": \"configure\", \"label\": \"折线图配置\", \"action\": false, \"component\": \"configureList\", \"configure\": [{\"id\": 15, \"type\": \"title\", \"label\": \"标题配置\", \"value\": [{\"id\": 4, \"type\": \"textStyle\", \"label\": \"标题样式\", \"value\": [{\"id\": 1, \"type\": \"color\", \"label\": \"字体颜色\", \"value\": \"#000000\", \"jsonData\": [\"#00ced1\", \"#1e90ff\", \"#c71585\", \"rgba(255, 69, 0, 0.68)\", \"rgb(255, 120, 0)\", \"hsv(51, 100, 98)\"], \"value_id\": 4, \"component\": \"configureColor\", \"created_at\": \"2023-04-04T23:42:50.000Z\", \"updated_at\": \"2023-04-04T23:42:54.000Z\"}], \"values\": [{\"id\": 1, \"type\": \"color\", \"label\": \"字体颜色\", \"value\": \"#000000\", \"jsonData\": [\"#00ced1\", \"#1e90ff\", \"#c71585\", \"rgba(255, 69, 0, 0.68)\", \"rgb(255, 120, 0)\", \"hsv(51, 100, 98)\"], \"value_id\": 4, \"component\": \"configureColor\", \"created_at\": \"2023-04-04T23:42:50.000Z\", \"updated_at\": \"2023-04-04T23:42:54.000Z\"}], \"component\": \"configureChartList\", \"created_at\": \"2023-04-03T08:41:23.000Z\", \"updated_at\": \"2023-04-03T08:41:25.000Z\", \"configures_id\": 15}, {\"id\": 3, \"type\": \"link\", \"label\": \"标题超链接\", \"value\": null, \"values\": [], \"component\": \"configureInput\", \"created_at\": \"2023-04-03T08:40:58.000Z\", \"updated_at\": \"2023-04-03T08:41:00.000Z\", \"configures_id\": 15}, {\"id\": 2, \"type\": \"show\", \"label\": \"显示\", \"value\": \"1\", \"values\": [], \"component\": \"configureSwitch\", \"created_at\": \"2023-04-03T08:37:35.000Z\", \"updated_at\": \"2023-04-03T08:37:38.000Z\", \"configures_id\": 15}, {\"id\": 1, \"type\": \"text\", \"label\": \"标题\", \"value\": \"折线图标题\", \"values\": [], \"component\": \"configureInput\", \"created_at\": \"2023-04-03T08:35:35.000Z\", \"updated_at\": \"2023-04-03T08:35:38.000Z\", \"configures_id\": 15}], \"values\": [{\"id\": 4, \"type\": \"textStyle\", \"label\": \"标题样式\", \"value\": [{\"id\": 1, \"type\": \"color\", \"label\": \"字体颜色\", \"value\": \"#000000\", \"jsonData\": [\"#00ced1\", \"#1e90ff\", \"#c71585\", \"rgba(255, 69, 0, 0.68)\", \"rgb(255, 120, 0)\", \"hsv(51, 100, 98)\"], \"value_id\": 4, \"component\": \"configureColor\", \"created_at\": \"2023-04-04T23:42:50.000Z\", \"updated_at\": \"2023-04-04T23:42:54.000Z\"}], \"values\": [{\"id\": 1, \"type\": \"color\", \"label\": \"字体颜色\", \"value\": \"#000000\", \"jsonData\": [\"#00ced1\", \"#1e90ff\", \"#c71585\", \"rgba(255, 69, 0, 0.68)\", \"rgb(255, 120, 0)\", \"hsv(51, 100, 98)\"], \"value_id\": 4, \"component\": \"configureColor\", \"created_at\": \"2023-04-04T23:42:50.000Z\", \"updated_at\": \"2023-04-04T23:42:54.000Z\"}], \"component\": \"configureChartList\", \"created_at\": \"2023-04-03T08:41:23.000Z\", \"updated_at\": \"2023-04-03T08:41:25.000Z\", \"configures_id\": 15}, {\"id\": 3, \"type\": \"link\", \"label\": \"标题超链接\", \"value\": null, \"values\": [], \"component\": \"configureInput\", \"created_at\": \"2023-04-03T08:40:58.000Z\", \"updated_at\": \"2023-04-03T08:41:00.000Z\", \"configures_id\": 15}, {\"id\": 2, \"type\": \"show\", \"label\": \"显示\", \"value\": \"1\", \"values\": [], \"component\": \"configureSwitch\", \"created_at\": \"2023-04-03T08:37:35.000Z\", \"updated_at\": \"2023-04-03T08:37:38.000Z\", \"configures_id\": 15}, {\"id\": 1, \"type\": \"text\", \"label\": \"标题\", \"value\": \"折线图标题\", \"values\": [], \"component\": \"configureInput\", \"created_at\": \"2023-04-03T08:35:35.000Z\", \"updated_at\": \"2023-04-03T08:35:38.000Z\", \"configures_id\": 15}], \"default\": [], \"disabled\": null, \"jsonData\": null, \"component\": \"configureChartList\", \"created_at\": \"2023-04-03T08:31:10.000Z\", \"updated_at\": \"2023-04-03T08:31:12.000Z\", \"defaults_id\": 5}], \"created_at\": \"2023-04-03T07:56:27.000Z\", \"updated_at\": \"2023-04-03T07:56:29.000Z\", \"components_id\": 4}, {\"id\": 6, \"icon\": null, \"type\": \"position\", \"label\": \"定位配置\", \"action\": false, \"component\": \"configureList\", \"configure\": [{\"id\": 16, \"type\": \"width\", \"label\": \"宽度(px)\", \"value\": \"500\", \"values\": [], \"default\": [], \"disabled\": \"0\", \"jsonData\": null, \"component\": \"configureInput\", \"created_at\": \"2023-04-03T08:59:59.000Z\", \"updated_at\": \"2023-04-03T09:00:01.000Z\", \"defaults_id\": 6}, {\"id\": 17, \"type\": \"height\", \"label\": \"高度(px)\", \"value\": \"450\", \"values\": [], \"default\": [], \"disabled\": \"0\", \"jsonData\": null, \"component\": \"configureInput\", \"created_at\": \"2023-04-03T09:09:04.000Z\", \"updated_at\": \"2023-04-03T09:09:06.000Z\", \"defaults_id\": 6}, {\"id\": 18, \"type\": \"top\", \"label\": \"top(px)\", \"value\": 0, \"values\": [], \"default\": [], \"disabled\": \"0\", \"jsonData\": null, \"component\": \"configureInput\", \"created_at\": \"2023-04-03T09:09:43.000Z\", \"updated_at\": \"2023-04-03T09:09:45.000Z\", \"defaults_id\": 6}, {\"id\": 19, \"type\": \"left\", \"label\": \"left(px)\", \"value\": 459, \"values\": [], \"default\": [], \"disabled\": \"0\", \"jsonData\": null, \"component\": \"configureInput\", \"created_at\": \"2023-04-03T09:10:28.000Z\", \"updated_at\": \"2023-04-03T09:10:31.000Z\", \"defaults_id\": 6}], \"created_at\": \"2023-04-03T07:57:13.000Z\", \"updated_at\": \"2023-04-03T07:57:15.000Z\", \"components_id\": 4}, {\"id\": 7, \"icon\": null, \"type\": \"dataFrom\", \"label\": \"数据源配置\", \"action\": true, \"component\": \"dataFromList\", \"configure\": [{\"id\": 20, \"type\": \"staticData\", \"label\": \"静态数据源\", \"value\": \"\", \"values\": [], \"default\": [], \"disabled\": null, \"jsonData\": {\"xAxis\": {\"data\": [\"Mon\", \"Tue\", \"Wed\", \"Thu\", \"Fri\", \"Sat\", \"Sun\"], \"type\": \"category\"}, \"yAxis\": {\"type\": \"value\"}, \"series\": [{\"data\": [150, 230, 224, 218, 135, 147, 260], \"type\": \"line\"}]}, \"component\": null, \"created_at\": \"2023-04-03T09:11:42.000Z\", \"updated_at\": \"2023-04-03T09:11:45.000Z\", \"defaults_id\": 7}, {\"id\": 21, \"type\": \"dynamicDataUrl\", \"label\": \"动态数据源url\", \"value\": \"http://127.0.0.1:8001/dataFrom/demo1\", \"values\": [], \"default\": [], \"disabled\": null, \"jsonData\": {\"param\": {\"name\": \"jerry\"}, \"select\": true, \"methods\": \"POST\"}, \"component\": null, \"created_at\": \"2023-04-03T09:25:26.000Z\", \"updated_at\": \"2023-04-03T09:25:29.000Z\", \"defaults_id\": 7}], \"created_at\": \"2023-04-03T07:58:12.000Z\", \"updated_at\": \"2023-04-03T07:58:16.000Z\", \"components_id\": 4}], \"imgPath\": null, \"children\": [], \"fatherId\": \"panel1682241641519\", \"component\": \"designChart\", \"newHeight\": \"\", \"created_at\": \"2023-04-03T07:47:39.000Z\", \"updated_at\": \"2023-04-03T07:47:41.000Z\", \"template_id\": 2}, {\"id\": \"img1682241653768\", \"icon\": null, \"type\": \"img\", \"label\": \"修狗图片\", \"default\": [{\"id\": 8, \"icon\": null, \"type\": \"configure\", \"label\": \"数据源配置\", \"action\": true, \"component\": \"configureList\", \"configure\": [{\"id\": 22, \"type\": \"src\", \"label\": \"图片url\", \"value\": \"https://img1.baidu.com/it/u=1795611050,2013221134&fm=253&fmt=auto&app=120&f=JPEG?w=1422&h=800\", \"values\": [], \"default\": [], \"disabled\": null, \"jsonData\": null, \"component\": \"configureInput\", \"created_at\": \"2023-04-03T09:26:19.000Z\", \"updated_at\": \"2023-04-03T09:26:22.000Z\", \"defaults_id\": 8}], \"created_at\": \"2023-04-03T09:27:53.000Z\", \"updated_at\": \"2023-04-03T09:27:55.000Z\", \"components_id\": 5}, {\"id\": 9, \"icon\": null, \"type\": \"position\", \"label\": \"定位配置\", \"action\": false, \"component\": \"configureList\", \"configure\": [{\"id\": 23, \"type\": \"width\", \"label\": \"宽度(px)\", \"value\": \"500\", \"values\": [], \"default\": [], \"disabled\": \"0\", \"jsonData\": null, \"component\": \"configureInput\", \"created_at\": \"2023-04-03T09:29:11.000Z\", \"updated_at\": \"2023-04-03T09:29:14.000Z\", \"defaults_id\": 9}, {\"id\": 24, \"type\": \"height\", \"label\": \"高度(px)\", \"value\": \"450\", \"values\": [], \"default\": [], \"disabled\": \"0\", \"jsonData\": null, \"component\": \"configureInput\", \"created_at\": \"2023-04-03T09:31:23.000Z\", \"updated_at\": \"2023-04-03T09:31:25.000Z\", \"defaults_id\": 9}, {\"id\": 25, \"type\": \"top\", \"label\": \"top(px)\", \"value\": 629, \"values\": [], \"default\": [], \"disabled\": \"0\", \"jsonData\": null, \"component\": \"configureInput\", \"created_at\": \"2023-04-03T09:31:48.000Z\", \"updated_at\": \"2023-04-03T09:31:51.000Z\", \"defaults_id\": 9}, {\"id\": 26, \"type\": \"left\", \"label\": \"left(px)\", \"value\": 0, \"values\": [], \"default\": [], \"disabled\": \"0\", \"jsonData\": null, \"component\": \"configureInput\", \"created_at\": \"2023-04-03T09:32:12.000Z\", \"updated_at\": \"2023-04-03T09:32:14.000Z\", \"defaults_id\": 9}], \"created_at\": \"2023-04-03T09:28:27.000Z\", \"updated_at\": \"2023-04-03T09:28:29.000Z\", \"components_id\": 5}], \"imgPath\": null, \"children\": [], \"fatherId\": \"panel1682241641519\", \"component\": \"designImg\", \"newHeight\": \"\", \"created_at\": \"2023-04-03T07:48:45.000Z\", \"updated_at\": \"2023-04-03T07:48:47.000Z\", \"template_id\": 3}], \"fatherId\": \"layoutChild16822416360951\", \"component\": \"designPanel\", \"newHeight\": \"\", \"created_at\": \"2023-04-03T07:42:51.000Z\", \"updated_at\": \"2023-04-03T07:42:53.000Z\", \"template_id\": 1}], \"fatherId\": \"layout1682241635074\", \"component\": \"layoutBox\", \"layoutData\": {\"id\": \"layout1682241635074\", \"default\": [{\"id\": 3, \"icon\": null, \"type\": \"configure\", \"label\": \"布局配置\", \"action\": true, \"component\": \"configureList\", \"configure\": [{\"id\": 7, \"type\": \"item\", \"label\": \"布局类型\", \"value\": \"leftAndRight\", \"values\": [], \"default\": [{\"id\": 3, \"type\": \"gridLayout\", \"label\": \"网格布局\", \"value\": \"grid\", \"created_at\": \"2023-04-03T08:25:47.000Z\", \"updated_at\": \"2023-04-03T08:25:50.000Z\", \"configures_id\": 7}, {\"id\": 2, \"type\": \"leftAndRightLayout\", \"label\": \"左右布局\", \"value\": \"leftAndRight\", \"created_at\": \"2023-04-03T08:25:07.000Z\", \"updated_at\": \"2023-04-03T08:25:08.000Z\", \"configures_id\": 7}, {\"id\": 1, \"type\": \"scatteredLayout\", \"label\": \"无布局\", \"value\": \"scattered\", \"created_at\": \"2023-04-03T08:24:04.000Z\", \"updated_at\": \"2023-04-03T08:24:07.000Z\", \"configures_id\": 7}], \"disabled\": null, \"jsonData\": null, \"component\": \"configureLayoutConfig\", \"created_at\": \"2023-04-03T08:21:39.000Z\", \"updated_at\": \"2023-04-03T08:21:41.000Z\", \"defaults_id\": 3}], \"created_at\": \"2023-04-03T07:52:47.000Z\", \"updated_at\": \"2023-04-03T07:52:49.000Z\", \"components_id\": 2}]}}], \"fatherId\": \"canvas\", \"component\": \"designLayout\", \"newHeight\": \"\", \"created_at\": \"2023-04-03T07:43:50.000Z\", \"updated_at\": \"2023-04-03T07:43:52.000Z\", \"template_id\": 1}], \"fontSize\": \"16\", \"backgroundColor\": \"transparent\", \"backgroundImage\": \"\"}', '{\"id\": \"canvas\", \"default\": [{\"id\": \"canvas\", \"icon\": \"el-icon-box\", \"type\": \"configure\", \"label\": \"画布配置\", \"action\": true, \"fatherId\": \"\", \"component\": \"configureList\", \"configure\": [{\"type\": \"width\", \"label\": \"宽度(px)\", \"value\": 1920, \"component\": \"configureInput\"}, {\"type\": \"height\", \"label\": \"高度(px)\", \"value\": 1080, \"component\": \"configureInput\"}, {\"type\": \"backgroundColor\", \"label\": \"背景颜色\", \"value\": \"rgba(0, 0, 0, 0)\", \"component\": \"configureColor\", \"predefineColors\": [\"#00ced1\", \"#1e90ff\", \"#c71585\", \"rgba(255, 69, 0, 0.68)\", \"rgb(255, 120, 0)\", \"hsv(51, 100, 98)\"]}, {\"type\": \"backgroundImage\", \"label\": \"背景图片url\", \"value\": \"\", \"component\": \"configureInput\"}, {\"type\": \"opacity\", \"label\": \"背景图片透明度\", \"value\": \"0.5\", \"component\": \"configureInput\"}, {\"type\": \"fontSize\", \"label\": \"字体大小(px)\", \"value\": \"16\", \"component\": \"configureInput\"}, {\"type\": \"color\", \"label\": \"字体颜色\", \"value\": \"#000000\", \"component\": \"configureColor\", \"predefineColors\": [\"#00ced1\", \"#1e90ff\", \"#c71585\", \"rgba(255, 69, 0, 0.68)\", \"rgb(255, 120, 0)\", \"hsv(51, 100, 98)\"]}]}]}');
INSERT INTO `charts_data` VALUES ('2023-05-05 09:35:21', '2023-05-05 09:35:21', NULL, 67, 80, '{\"color\": \"#ffffff\", \"width\": 1920, \"height\": 1080, \"opacity\": \"0.5\", \"children\": [{\"id\": \"layout1683250038807\", \"icon\": null, \"type\": \"layout\", \"label\": \"布局盒子\", \"default\": [{\"id\": 3, \"icon\": null, \"type\": \"configure\", \"label\": \"布局配置\", \"action\": true, \"component\": \"configureList\", \"configure\": [{\"id\": 7, \"type\": \"item\", \"label\": \"布局类型\", \"value\": \"leftAndRight\", \"values\": [], \"default\": [{\"id\": 3, \"type\": \"gridLayout\", \"label\": \"网格布局\", \"value\": \"grid\", \"created_at\": \"2023-04-03T08:25:47.000Z\", \"updated_at\": \"2023-04-03T08:25:50.000Z\", \"configures_id\": 7}, {\"id\": 2, \"type\": \"leftAndRightLayout\", \"label\": \"左右布局\", \"value\": \"leftAndRight\", \"created_at\": \"2023-04-03T08:25:07.000Z\", \"updated_at\": \"2023-04-03T08:25:08.000Z\", \"configures_id\": 7}, {\"id\": 1, \"type\": \"scatteredLayout\", \"label\": \"无布局\", \"value\": \"scattered\", \"created_at\": \"2023-04-03T08:24:04.000Z\", \"updated_at\": \"2023-04-03T08:24:07.000Z\", \"configures_id\": 7}], \"disabled\": null, \"jsonData\": null, \"component\": \"configureLayoutConfig\", \"created_at\": \"2023-04-03T08:21:39.000Z\", \"updated_at\": \"2023-04-03T08:21:41.000Z\", \"defaults_id\": 3}], \"created_at\": \"2023-04-03T07:52:47.000Z\", \"updated_at\": \"2023-04-03T07:52:49.000Z\", \"components_id\": 2}], \"imgPath\": null, \"children\": [{\"id\": \"layoutChild16832500419570\", \"type\": \"layoutChild\", \"label\": \"布局子盒子\", \"default\": [{\"type\": \"height\", \"label\": \"\", \"value\": \"100%\", \"component\": \"\"}, {\"type\": \"width\", \"label\": \"\", \"value\": \"50%\", \"component\": \"\"}], \"children\": [{\"id\": \"panel1683250046006\", \"icon\": \"el-icon-box\", \"type\": \"panel\", \"label\": \"容器盒子\", \"default\": [{\"id\": 1, \"icon\": null, \"type\": \"configure\", \"label\": \"容器配置\", \"action\": true, \"component\": \"configureList\", \"configure\": [{\"id\": 1, \"type\": \"title\", \"label\": \"标题\", \"value\": \"容器标题\", \"values\": [], \"default\": [], \"disabled\": null, \"jsonData\": null, \"component\": \"configureInput\", \"created_at\": \"2023-04-03T08:03:36.000Z\", \"updated_at\": \"2023-04-03T08:03:38.000Z\", \"defaults_id\": 1}, {\"id\": 2, \"type\": \"backgroundImage\", \"label\": \"背景图片url\", \"value\": null, \"values\": [], \"default\": [], \"disabled\": null, \"jsonData\": null, \"component\": \"configureInput\", \"created_at\": \"2023-04-03T08:14:03.000Z\", \"updated_at\": \"2023-04-03T08:14:06.000Z\", \"defaults_id\": 1}, {\"id\": 3, \"type\": \"backgroundColor\", \"label\": \"背景颜色\", \"value\": \"rgba(0, 0, 0, 0)\", \"values\": [], \"default\": [], \"disabled\": null, \"jsonData\": [\"#00ced1\", \"#1e90ff\", \"#c71585\", \"rgba(255, 69, 0, 0.68)\", \"rgb(255, 120, 0)\", \"hsv(51, 100, 98)\"], \"component\": \"configureColor\", \"created_at\": \"2023-04-03T08:15:03.000Z\", \"updated_at\": \"2023-04-03T08:15:05.000Z\", \"defaults_id\": 1}, {\"id\": 4, \"type\": \"opacity\", \"label\": \"背景透明度\", \"value\": \"1\", \"values\": [], \"default\": [], \"disabled\": null, \"jsonData\": null, \"component\": \"configureInput\", \"created_at\": \"2023-04-03T08:15:51.000Z\", \"updated_at\": \"2023-04-03T08:15:53.000Z\", \"defaults_id\": 1}, {\"id\": 5, \"type\": \"fontSize\", \"label\": \"字体大小(px)\", \"value\": \"16\", \"values\": [], \"default\": [], \"disabled\": null, \"jsonData\": null, \"component\": \"configureInput\", \"created_at\": \"2023-04-03T08:16:42.000Z\", \"updated_at\": \"2023-04-03T08:16:45.000Z\", \"defaults_id\": 1}, {\"id\": 6, \"type\": \"color\", \"label\": \"字体颜色\", \"value\": \"#000000\", \"values\": [], \"default\": [], \"disabled\": null, \"jsonData\": [\"#00ced1\", \"#1e90ff\", \"#c71585\", \"rgba(255, 69, 0, 0.68)\", \"rgb(255, 120, 0)\", \"hsv(51, 100, 98)\"], \"component\": \"configureColor\", \"created_at\": \"2023-04-03T08:17:17.000Z\", \"updated_at\": \"2023-04-03T08:17:19.000Z\", \"defaults_id\": 1}], \"created_at\": \"2023-04-03T07:49:55.000Z\", \"updated_at\": \"2023-04-03T07:49:57.000Z\", \"components_id\": 1}, {\"id\": 2, \"icon\": null, \"type\": \"dataFrom\", \"label\": \"数据源配置\", \"action\": false, \"component\": \"dataFromPanelList\", \"configure\": [], \"created_at\": \"2023-04-03T07:52:12.000Z\", \"updated_at\": \"2023-04-03T07:52:14.000Z\", \"components_id\": 1}], \"imgPath\": null, \"children\": [{\"id\": \"lineChart1683250055055\", \"icon\": null, \"type\": \"lineChart\", \"label\": \"折线图\", \"default\": [{\"id\": 5, \"icon\": null, \"type\": \"configure\", \"label\": \"折线图配置\", \"action\": false, \"component\": \"configureList\", \"configure\": [{\"id\": 15, \"type\": \"title\", \"label\": \"标题配置\", \"value\": [{\"id\": 4, \"type\": \"textStyle\", \"label\": \"标题样式\", \"value\": [{\"id\": 1, \"type\": \"color\", \"label\": \"字体颜色\", \"value\": \"#000000\", \"jsonData\": [\"#00ced1\", \"#1e90ff\", \"#c71585\", \"rgba(255, 69, 0, 0.68)\", \"rgb(255, 120, 0)\", \"hsv(51, 100, 98)\"], \"value_id\": 4, \"component\": \"configureColor\", \"created_at\": \"2023-04-04T23:42:50.000Z\", \"updated_at\": \"2023-04-04T23:42:54.000Z\"}], \"values\": [{\"id\": 1, \"type\": \"color\", \"label\": \"字体颜色\", \"value\": \"#000000\", \"jsonData\": [\"#00ced1\", \"#1e90ff\", \"#c71585\", \"rgba(255, 69, 0, 0.68)\", \"rgb(255, 120, 0)\", \"hsv(51, 100, 98)\"], \"value_id\": 4, \"component\": \"configureColor\", \"created_at\": \"2023-04-04T23:42:50.000Z\", \"updated_at\": \"2023-04-04T23:42:54.000Z\"}], \"component\": \"configureChartList\", \"created_at\": \"2023-04-03T08:41:23.000Z\", \"updated_at\": \"2023-04-03T08:41:25.000Z\", \"configures_id\": 15}, {\"id\": 3, \"type\": \"link\", \"label\": \"标题超链接\", \"value\": null, \"values\": [], \"component\": \"configureInput\", \"created_at\": \"2023-04-03T08:40:58.000Z\", \"updated_at\": \"2023-04-03T08:41:00.000Z\", \"configures_id\": 15}, {\"id\": 2, \"type\": \"show\", \"label\": \"显示\", \"value\": \"1\", \"values\": [], \"component\": \"configureSwitch\", \"created_at\": \"2023-04-03T08:37:35.000Z\", \"updated_at\": \"2023-04-03T08:37:38.000Z\", \"configures_id\": 15}, {\"id\": 1, \"type\": \"text\", \"label\": \"标题\", \"value\": \"折线图标题\", \"values\": [], \"component\": \"configureInput\", \"created_at\": \"2023-04-03T08:35:35.000Z\", \"updated_at\": \"2023-04-03T08:35:38.000Z\", \"configures_id\": 15}], \"values\": [{\"id\": 4, \"type\": \"textStyle\", \"label\": \"标题样式\", \"value\": [{\"id\": 1, \"type\": \"color\", \"label\": \"字体颜色\", \"value\": \"#000000\", \"jsonData\": [\"#00ced1\", \"#1e90ff\", \"#c71585\", \"rgba(255, 69, 0, 0.68)\", \"rgb(255, 120, 0)\", \"hsv(51, 100, 98)\"], \"value_id\": 4, \"component\": \"configureColor\", \"created_at\": \"2023-04-04T23:42:50.000Z\", \"updated_at\": \"2023-04-04T23:42:54.000Z\"}], \"values\": [{\"id\": 1, \"type\": \"color\", \"label\": \"字体颜色\", \"value\": \"#000000\", \"jsonData\": [\"#00ced1\", \"#1e90ff\", \"#c71585\", \"rgba(255, 69, 0, 0.68)\", \"rgb(255, 120, 0)\", \"hsv(51, 100, 98)\"], \"value_id\": 4, \"component\": \"configureColor\", \"created_at\": \"2023-04-04T23:42:50.000Z\", \"updated_at\": \"2023-04-04T23:42:54.000Z\"}], \"component\": \"configureChartList\", \"created_at\": \"2023-04-03T08:41:23.000Z\", \"updated_at\": \"2023-04-03T08:41:25.000Z\", \"configures_id\": 15}, {\"id\": 3, \"type\": \"link\", \"label\": \"标题超链接\", \"value\": null, \"values\": [], \"component\": \"configureInput\", \"created_at\": \"2023-04-03T08:40:58.000Z\", \"updated_at\": \"2023-04-03T08:41:00.000Z\", \"configures_id\": 15}, {\"id\": 2, \"type\": \"show\", \"label\": \"显示\", \"value\": \"1\", \"values\": [], \"component\": \"configureSwitch\", \"created_at\": \"2023-04-03T08:37:35.000Z\", \"updated_at\": \"2023-04-03T08:37:38.000Z\", \"configures_id\": 15}, {\"id\": 1, \"type\": \"text\", \"label\": \"标题\", \"value\": \"折线图标题\", \"values\": [], \"component\": \"configureInput\", \"created_at\": \"2023-04-03T08:35:35.000Z\", \"updated_at\": \"2023-04-03T08:35:38.000Z\", \"configures_id\": 15}], \"default\": [], \"disabled\": null, \"jsonData\": null, \"component\": \"configureChartList\", \"created_at\": \"2023-04-03T08:31:10.000Z\", \"updated_at\": \"2023-04-03T08:31:12.000Z\", \"defaults_id\": 5}], \"created_at\": \"2023-04-03T07:56:27.000Z\", \"updated_at\": \"2023-04-03T07:56:29.000Z\", \"components_id\": 4}, {\"id\": 6, \"icon\": null, \"type\": \"position\", \"label\": \"定位配置\", \"action\": false, \"component\": \"configureList\", \"configure\": [{\"id\": 16, \"type\": \"width\", \"label\": \"宽度(px)\", \"value\": \"500\", \"values\": [], \"default\": [], \"disabled\": \"0\", \"jsonData\": null, \"component\": \"configureInput\", \"created_at\": \"2023-04-03T08:59:59.000Z\", \"updated_at\": \"2023-04-03T09:00:01.000Z\", \"defaults_id\": 6}, {\"id\": 17, \"type\": \"height\", \"label\": \"高度(px)\", \"value\": \"450\", \"values\": [], \"default\": [], \"disabled\": \"0\", \"jsonData\": null, \"component\": \"configureInput\", \"created_at\": \"2023-04-03T09:09:04.000Z\", \"updated_at\": \"2023-04-03T09:09:06.000Z\", \"defaults_id\": 6}, {\"id\": 18, \"type\": \"top\", \"label\": \"top(px)\", \"value\": 66, \"values\": [], \"default\": [], \"disabled\": \"0\", \"jsonData\": null, \"component\": \"configureInput\", \"created_at\": \"2023-04-03T09:09:43.000Z\", \"updated_at\": \"2023-04-03T09:09:45.000Z\", \"defaults_id\": 6}, {\"id\": 19, \"type\": \"left\", \"label\": \"left(px)\", \"value\": 228, \"values\": [], \"default\": [], \"disabled\": \"0\", \"jsonData\": null, \"component\": \"configureInput\", \"created_at\": \"2023-04-03T09:10:28.000Z\", \"updated_at\": \"2023-04-03T09:10:31.000Z\", \"defaults_id\": 6}], \"created_at\": \"2023-04-03T07:57:13.000Z\", \"updated_at\": \"2023-04-03T07:57:15.000Z\", \"components_id\": 4}, {\"id\": 7, \"icon\": null, \"type\": \"dataFrom\", \"label\": \"数据源配置\", \"action\": true, \"component\": \"dataFromList\", \"configure\": [{\"id\": 20, \"type\": \"staticData\", \"label\": \"静态数据源\", \"value\": \"\", \"values\": [], \"default\": [], \"disabled\": null, \"jsonData\": {\"xAxis\": {\"data\": [\"Mon\", \"Tue\", \"Wed\", \"Thu\", \"Fri\", \"Sat\", \"Sun\"], \"type\": \"category\"}, \"yAxis\": {\"type\": \"value\"}, \"series\": [{\"data\": [150, 230, 224, 218, 135, 147, 260], \"type\": \"line\"}]}, \"component\": null, \"created_at\": \"2023-04-03T09:11:42.000Z\", \"updated_at\": \"2023-04-03T09:11:45.000Z\", \"defaults_id\": 7}, {\"id\": 21, \"type\": \"dynamicDataUrl\", \"label\": \"动态数据源url\", \"value\": \"http://127.0.0.1:8001/dataFrom/demo1\", \"values\": [], \"default\": [], \"disabled\": null, \"jsonData\": {\"param\": {}, \"select\": false, \"methods\": \"GET\"}, \"component\": null, \"created_at\": \"2023-04-03T09:25:26.000Z\", \"updated_at\": \"2023-04-03T09:25:29.000Z\", \"defaults_id\": 7}], \"created_at\": \"2023-04-03T07:58:12.000Z\", \"updated_at\": \"2023-04-03T07:58:16.000Z\", \"components_id\": 4}], \"imgPath\": null, \"children\": [], \"fatherId\": \"panel1683250046006\", \"component\": \"designChart\", \"newHeight\": \"\", \"created_at\": \"2023-04-03T07:47:39.000Z\", \"updated_at\": \"2023-04-03T07:47:41.000Z\", \"template_id\": 2}, {\"id\": \"lineChart1683250208026\", \"icon\": null, \"type\": \"lineChart\", \"label\": \"折线图\", \"default\": [{\"id\": 5, \"icon\": null, \"type\": \"configure\", \"label\": \"折线图配置\", \"action\": true, \"component\": \"configureList\", \"configure\": [{\"id\": 15, \"type\": \"title\", \"label\": \"标题配置\", \"value\": [{\"id\": 4, \"type\": \"textStyle\", \"label\": \"标题样式\", \"value\": [{\"id\": 1, \"type\": \"color\", \"label\": \"字体颜色\", \"value\": \"#000000\", \"jsonData\": [\"#00ced1\", \"#1e90ff\", \"#c71585\", \"rgba(255, 69, 0, 0.68)\", \"rgb(255, 120, 0)\", \"hsv(51, 100, 98)\"], \"value_id\": 4, \"component\": \"configureColor\", \"created_at\": \"2023-04-04T23:42:50.000Z\", \"updated_at\": \"2023-04-04T23:42:54.000Z\"}], \"values\": [{\"id\": 1, \"type\": \"color\", \"label\": \"字体颜色\", \"value\": \"#000000\", \"jsonData\": [\"#00ced1\", \"#1e90ff\", \"#c71585\", \"rgba(255, 69, 0, 0.68)\", \"rgb(255, 120, 0)\", \"hsv(51, 100, 98)\"], \"value_id\": 4, \"component\": \"configureColor\", \"created_at\": \"2023-04-04T23:42:50.000Z\", \"updated_at\": \"2023-04-04T23:42:54.000Z\"}], \"component\": \"configureChartList\", \"created_at\": \"2023-04-03T08:41:23.000Z\", \"updated_at\": \"2023-04-03T08:41:25.000Z\", \"configures_id\": 15}, {\"id\": 3, \"type\": \"link\", \"label\": \"标题超链接\", \"value\": null, \"values\": [], \"component\": \"configureInput\", \"created_at\": \"2023-04-03T08:40:58.000Z\", \"updated_at\": \"2023-04-03T08:41:00.000Z\", \"configures_id\": 15}, {\"id\": 2, \"type\": \"show\", \"label\": \"显示\", \"value\": \"1\", \"values\": [], \"component\": \"configureSwitch\", \"created_at\": \"2023-04-03T08:37:35.000Z\", \"updated_at\": \"2023-04-03T08:37:38.000Z\", \"configures_id\": 15}, {\"id\": 1, \"type\": \"text\", \"label\": \"标题\", \"value\": \"折线图标题\", \"values\": [], \"component\": \"configureInput\", \"created_at\": \"2023-04-03T08:35:35.000Z\", \"updated_at\": \"2023-04-03T08:35:38.000Z\", \"configures_id\": 15}], \"values\": [{\"id\": 4, \"type\": \"textStyle\", \"label\": \"标题样式\", \"value\": [{\"id\": 1, \"type\": \"color\", \"label\": \"字体颜色\", \"value\": \"#000000\", \"jsonData\": [\"#00ced1\", \"#1e90ff\", \"#c71585\", \"rgba(255, 69, 0, 0.68)\", \"rgb(255, 120, 0)\", \"hsv(51, 100, 98)\"], \"value_id\": 4, \"component\": \"configureColor\", \"created_at\": \"2023-04-04T23:42:50.000Z\", \"updated_at\": \"2023-04-04T23:42:54.000Z\"}], \"values\": [{\"id\": 1, \"type\": \"color\", \"label\": \"字体颜色\", \"value\": \"#000000\", \"jsonData\": [\"#00ced1\", \"#1e90ff\", \"#c71585\", \"rgba(255, 69, 0, 0.68)\", \"rgb(255, 120, 0)\", \"hsv(51, 100, 98)\"], \"value_id\": 4, \"component\": \"configureColor\", \"created_at\": \"2023-04-04T23:42:50.000Z\", \"updated_at\": \"2023-04-04T23:42:54.000Z\"}], \"component\": \"configureChartList\", \"created_at\": \"2023-04-03T08:41:23.000Z\", \"updated_at\": \"2023-04-03T08:41:25.000Z\", \"configures_id\": 15}, {\"id\": 3, \"type\": \"link\", \"label\": \"标题超链接\", \"value\": null, \"values\": [], \"component\": \"configureInput\", \"created_at\": \"2023-04-03T08:40:58.000Z\", \"updated_at\": \"2023-04-03T08:41:00.000Z\", \"configures_id\": 15}, {\"id\": 2, \"type\": \"show\", \"label\": \"显示\", \"value\": \"1\", \"values\": [], \"component\": \"configureSwitch\", \"created_at\": \"2023-04-03T08:37:35.000Z\", \"updated_at\": \"2023-04-03T08:37:38.000Z\", \"configures_id\": 15}, {\"id\": 1, \"type\": \"text\", \"label\": \"标题\", \"value\": \"折线图标题\", \"values\": [], \"component\": \"configureInput\", \"created_at\": \"2023-04-03T08:35:35.000Z\", \"updated_at\": \"2023-04-03T08:35:38.000Z\", \"configures_id\": 15}], \"default\": [], \"disabled\": null, \"jsonData\": null, \"component\": \"configureChartList\", \"created_at\": \"2023-04-03T08:31:10.000Z\", \"updated_at\": \"2023-04-03T08:31:12.000Z\", \"defaults_id\": 5}], \"created_at\": \"2023-04-03T07:56:27.000Z\", \"updated_at\": \"2023-04-03T07:56:29.000Z\", \"components_id\": 4}, {\"id\": 6, \"icon\": null, \"type\": \"position\", \"label\": \"定位配置\", \"action\": false, \"component\": \"configureList\", \"configure\": [{\"id\": 16, \"type\": \"width\", \"label\": \"宽度(px)\", \"value\": 493, \"values\": [], \"default\": [], \"disabled\": \"0\", \"jsonData\": null, \"component\": \"configureInput\", \"created_at\": \"2023-04-03T08:59:59.000Z\", \"updated_at\": \"2023-04-03T09:00:01.000Z\", \"defaults_id\": 6}, {\"id\": 17, \"type\": \"height\", \"label\": \"高度(px)\", \"value\": 475, \"values\": [], \"default\": [], \"disabled\": \"0\", \"jsonData\": null, \"component\": \"configureInput\", \"created_at\": \"2023-04-03T09:09:04.000Z\", \"updated_at\": \"2023-04-03T09:09:06.000Z\", \"defaults_id\": 6}, {\"id\": 18, \"type\": \"top\", \"label\": \"top(px)\", \"value\": 538, \"values\": [], \"default\": [], \"disabled\": \"0\", \"jsonData\": null, \"component\": \"configureInput\", \"created_at\": \"2023-04-03T09:09:43.000Z\", \"updated_at\": \"2023-04-03T09:09:45.000Z\", \"defaults_id\": 6}, {\"id\": 19, \"type\": \"left\", \"label\": \"left(px)\", \"value\": 334, \"values\": [], \"default\": [], \"disabled\": \"0\", \"jsonData\": null, \"component\": \"configureInput\", \"created_at\": \"2023-04-03T09:10:28.000Z\", \"updated_at\": \"2023-04-03T09:10:31.000Z\", \"defaults_id\": 6}], \"created_at\": \"2023-04-03T07:57:13.000Z\", \"updated_at\": \"2023-04-03T07:57:15.000Z\", \"components_id\": 4}, {\"id\": 7, \"icon\": null, \"type\": \"dataFrom\", \"label\": \"数据源配置\", \"action\": false, \"component\": \"dataFromList\", \"configure\": [{\"id\": 20, \"type\": \"staticData\", \"label\": \"静态数据源\", \"value\": \"\", \"values\": [], \"default\": [], \"disabled\": null, \"jsonData\": {\"param\": {}, \"value\": \"\", \"select\": true, \"methods\": \"GET\"}, \"component\": null, \"created_at\": \"2023-04-03T09:11:42.000Z\", \"updated_at\": \"2023-04-03T09:11:45.000Z\", \"defaults_id\": 7}, {\"id\": 21, \"type\": \"dynamicDataUrl\", \"label\": \"动态数据源url\", \"value\": \"http://127.0.0.1:8001/dataFrom/demo1\", \"values\": [], \"default\": [], \"disabled\": null, \"jsonData\": {\"param\": {}, \"select\": true, \"methods\": \"GET\"}, \"component\": null, \"created_at\": \"2023-04-03T09:25:26.000Z\", \"updated_at\": \"2023-04-03T09:25:29.000Z\", \"defaults_id\": 7}], \"created_at\": \"2023-04-03T07:58:12.000Z\", \"updated_at\": \"2023-04-03T07:58:16.000Z\", \"components_id\": 4}], \"imgPath\": null, \"children\": [], \"fatherId\": \"panel1683250046006\", \"component\": \"designChart\", \"newHeight\": \"\", \"created_at\": \"2023-04-03T07:47:39.000Z\", \"updated_at\": \"2023-04-03T07:47:41.000Z\", \"template_id\": 2}], \"fatherId\": \"layoutChild16832500419570\", \"component\": \"designPanel\", \"newHeight\": \"\", \"created_at\": \"2023-04-03T07:42:51.000Z\", \"updated_at\": \"2023-04-03T07:42:53.000Z\", \"template_id\": 1}], \"fatherId\": \"layout1683250038807\", \"component\": \"layoutBox\", \"layoutData\": {\"id\": \"layout1683250038807\", \"default\": [{\"id\": 3, \"icon\": null, \"type\": \"configure\", \"label\": \"布局配置\", \"action\": true, \"component\": \"configureList\", \"configure\": [{\"id\": 7, \"type\": \"item\", \"label\": \"布局类型\", \"value\": \"leftAndRight\", \"values\": [], \"default\": [{\"id\": 3, \"type\": \"gridLayout\", \"label\": \"网格布局\", \"value\": \"grid\", \"created_at\": \"2023-04-03T08:25:47.000Z\", \"updated_at\": \"2023-04-03T08:25:50.000Z\", \"configures_id\": 7}, {\"id\": 2, \"type\": \"leftAndRightLayout\", \"label\": \"左右布局\", \"value\": \"leftAndRight\", \"created_at\": \"2023-04-03T08:25:07.000Z\", \"updated_at\": \"2023-04-03T08:25:08.000Z\", \"configures_id\": 7}, {\"id\": 1, \"type\": \"scatteredLayout\", \"label\": \"无布局\", \"value\": \"scattered\", \"created_at\": \"2023-04-03T08:24:04.000Z\", \"updated_at\": \"2023-04-03T08:24:07.000Z\", \"configures_id\": 7}], \"disabled\": null, \"jsonData\": null, \"component\": \"configureLayoutConfig\", \"created_at\": \"2023-04-03T08:21:39.000Z\", \"updated_at\": \"2023-04-03T08:21:41.000Z\", \"defaults_id\": 3}], \"created_at\": \"2023-04-03T07:52:47.000Z\", \"updated_at\": \"2023-04-03T07:52:49.000Z\", \"components_id\": 2}]}}, {\"id\": \"layoutChild16832500419571\", \"type\": \"layoutChild\", \"label\": \"布局子盒子\", \"default\": [{\"type\": \"height\", \"label\": \"\", \"value\": \"100%\", \"component\": \"\"}, {\"type\": \"width\", \"label\": \"\", \"value\": \"50%\", \"component\": \"\"}], \"children\": [{\"id\": \"panel1683250048318\", \"icon\": \"el-icon-box\", \"type\": \"panel\", \"label\": \"容器盒子\", \"default\": [{\"id\": 1, \"icon\": null, \"type\": \"configure\", \"label\": \"容器配置\", \"action\": true, \"component\": \"configureList\", \"configure\": [{\"id\": 1, \"type\": \"title\", \"label\": \"标题\", \"value\": \"容器标题\", \"values\": [], \"default\": [], \"disabled\": null, \"jsonData\": null, \"component\": \"configureInput\", \"created_at\": \"2023-04-03T08:03:36.000Z\", \"updated_at\": \"2023-04-03T08:03:38.000Z\", \"defaults_id\": 1}, {\"id\": 2, \"type\": \"backgroundImage\", \"label\": \"背景图片url\", \"value\": null, \"values\": [], \"default\": [], \"disabled\": null, \"jsonData\": null, \"component\": \"configureInput\", \"created_at\": \"2023-04-03T08:14:03.000Z\", \"updated_at\": \"2023-04-03T08:14:06.000Z\", \"defaults_id\": 1}, {\"id\": 3, \"type\": \"backgroundColor\", \"label\": \"背景颜色\", \"value\": \"rgba(0, 0, 0, 0)\", \"values\": [], \"default\": [], \"disabled\": null, \"jsonData\": [\"#00ced1\", \"#1e90ff\", \"#c71585\", \"rgba(255, 69, 0, 0.68)\", \"rgb(255, 120, 0)\", \"hsv(51, 100, 98)\"], \"component\": \"configureColor\", \"created_at\": \"2023-04-03T08:15:03.000Z\", \"updated_at\": \"2023-04-03T08:15:05.000Z\", \"defaults_id\": 1}, {\"id\": 4, \"type\": \"opacity\", \"label\": \"背景透明度\", \"value\": \"1\", \"values\": [], \"default\": [], \"disabled\": null, \"jsonData\": null, \"component\": \"configureInput\", \"created_at\": \"2023-04-03T08:15:51.000Z\", \"updated_at\": \"2023-04-03T08:15:53.000Z\", \"defaults_id\": 1}, {\"id\": 5, \"type\": \"fontSize\", \"label\": \"字体大小(px)\", \"value\": \"16\", \"values\": [], \"default\": [], \"disabled\": null, \"jsonData\": null, \"component\": \"configureInput\", \"created_at\": \"2023-04-03T08:16:42.000Z\", \"updated_at\": \"2023-04-03T08:16:45.000Z\", \"defaults_id\": 1}, {\"id\": 6, \"type\": \"color\", \"label\": \"字体颜色\", \"value\": \"#000000\", \"values\": [], \"default\": [], \"disabled\": null, \"jsonData\": [\"#00ced1\", \"#1e90ff\", \"#c71585\", \"rgba(255, 69, 0, 0.68)\", \"rgb(255, 120, 0)\", \"hsv(51, 100, 98)\"], \"component\": \"configureColor\", \"created_at\": \"2023-04-03T08:17:17.000Z\", \"updated_at\": \"2023-04-03T08:17:19.000Z\", \"defaults_id\": 1}], \"created_at\": \"2023-04-03T07:49:55.000Z\", \"updated_at\": \"2023-04-03T07:49:57.000Z\", \"components_id\": 1}, {\"id\": 2, \"icon\": null, \"type\": \"dataFrom\", \"label\": \"数据源配置\", \"action\": false, \"component\": \"dataFromPanelList\", \"configure\": [], \"created_at\": \"2023-04-03T07:52:12.000Z\", \"updated_at\": \"2023-04-03T07:52:14.000Z\", \"components_id\": 1}], \"imgPath\": null, \"children\": [{\"id\": \"img1683250229391\", \"icon\": null, \"type\": \"img\", \"label\": \"修狗图片\", \"default\": [{\"id\": 8, \"icon\": null, \"type\": \"configure\", \"label\": \"数据源配置\", \"action\": true, \"component\": \"configureList\", \"configure\": [{\"id\": 22, \"type\": \"src\", \"label\": \"图片url\", \"value\": \"https://img1.baidu.com/it/u=1795611050,2013221134&fm=253&fmt=auto&app=120&f=JPEG?w=1422&h=800\", \"values\": [], \"default\": [], \"disabled\": null, \"jsonData\": null, \"component\": \"configureInput\", \"created_at\": \"2023-04-03T09:26:19.000Z\", \"updated_at\": \"2023-04-03T09:26:22.000Z\", \"defaults_id\": 8}], \"created_at\": \"2023-04-03T09:27:53.000Z\", \"updated_at\": \"2023-04-03T09:27:55.000Z\", \"components_id\": 5}, {\"id\": 9, \"icon\": null, \"type\": \"position\", \"label\": \"定位配置\", \"action\": false, \"component\": \"configureList\", \"configure\": [{\"id\": 23, \"type\": \"width\", \"label\": \"宽度(px)\", \"value\": \"500\", \"values\": [], \"default\": [], \"disabled\": \"0\", \"jsonData\": null, \"component\": \"configureInput\", \"created_at\": \"2023-04-03T09:29:11.000Z\", \"updated_at\": \"2023-04-03T09:29:14.000Z\", \"defaults_id\": 9}, {\"id\": 24, \"type\": \"height\", \"label\": \"高度(px)\", \"value\": \"450\", \"values\": [], \"default\": [], \"disabled\": \"0\", \"jsonData\": null, \"component\": \"configureInput\", \"created_at\": \"2023-04-03T09:31:23.000Z\", \"updated_at\": \"2023-04-03T09:31:25.000Z\", \"defaults_id\": 9}, {\"id\": 25, \"type\": \"top\", \"label\": \"top(px)\", \"value\": 113, \"values\": [], \"default\": [], \"disabled\": \"0\", \"jsonData\": null, \"component\": \"configureInput\", \"created_at\": \"2023-04-03T09:31:48.000Z\", \"updated_at\": \"2023-04-03T09:31:51.000Z\", \"defaults_id\": 9}, {\"id\": 26, \"type\": \"left\", \"label\": \"left(px)\", \"value\": 175, \"values\": [], \"default\": [], \"disabled\": \"0\", \"jsonData\": null, \"component\": \"configureInput\", \"created_at\": \"2023-04-03T09:32:12.000Z\", \"updated_at\": \"2023-04-03T09:32:14.000Z\", \"defaults_id\": 9}], \"created_at\": \"2023-04-03T09:28:27.000Z\", \"updated_at\": \"2023-04-03T09:28:29.000Z\", \"components_id\": 5}], \"imgPath\": null, \"children\": [], \"fatherId\": \"panel1683250048318\", \"component\": \"designImg\", \"newHeight\": \"\", \"created_at\": \"2023-04-03T07:48:45.000Z\", \"updated_at\": \"2023-04-03T07:48:47.000Z\", \"template_id\": 3}], \"fatherId\": \"layoutChild16832500419571\", \"component\": \"designPanel\", \"newHeight\": \"\", \"created_at\": \"2023-04-03T07:42:51.000Z\", \"updated_at\": \"2023-04-03T07:42:53.000Z\", \"template_id\": 1}], \"fatherId\": \"layout1683250038807\", \"component\": \"layoutBox\", \"layoutData\": {\"id\": \"layout1683250038807\", \"default\": [{\"id\": 3, \"icon\": null, \"type\": \"configure\", \"label\": \"布局配置\", \"action\": true, \"component\": \"configureList\", \"configure\": [{\"id\": 7, \"type\": \"item\", \"label\": \"布局类型\", \"value\": \"leftAndRight\", \"values\": [], \"default\": [{\"id\": 3, \"type\": \"gridLayout\", \"label\": \"网格布局\", \"value\": \"grid\", \"created_at\": \"2023-04-03T08:25:47.000Z\", \"updated_at\": \"2023-04-03T08:25:50.000Z\", \"configures_id\": 7}, {\"id\": 2, \"type\": \"leftAndRightLayout\", \"label\": \"左右布局\", \"value\": \"leftAndRight\", \"created_at\": \"2023-04-03T08:25:07.000Z\", \"updated_at\": \"2023-04-03T08:25:08.000Z\", \"configures_id\": 7}, {\"id\": 1, \"type\": \"scatteredLayout\", \"label\": \"无布局\", \"value\": \"scattered\", \"created_at\": \"2023-04-03T08:24:04.000Z\", \"updated_at\": \"2023-04-03T08:24:07.000Z\", \"configures_id\": 7}], \"disabled\": null, \"jsonData\": null, \"component\": \"configureLayoutConfig\", \"created_at\": \"2023-04-03T08:21:39.000Z\", \"updated_at\": \"2023-04-03T08:21:41.000Z\", \"defaults_id\": 3}], \"created_at\": \"2023-04-03T07:52:47.000Z\", \"updated_at\": \"2023-04-03T07:52:49.000Z\", \"components_id\": 2}]}}], \"fatherId\": \"canvas\", \"component\": \"designLayout\", \"newHeight\": \"\", \"created_at\": \"2023-04-03T07:43:50.000Z\", \"updated_at\": \"2023-04-03T07:43:52.000Z\", \"template_id\": 1}], \"fontSize\": \"16\", \"backgroundColor\": \"transparent\", \"backgroundImage\": \"\"}', '{\"id\": \"canvas\", \"default\": [{\"id\": \"canvas\", \"icon\": \"el-icon-box\", \"type\": \"configure\", \"label\": \"画布配置\", \"action\": true, \"fatherId\": \"\", \"component\": \"configureList\", \"configure\": [{\"type\": \"width\", \"label\": \"宽度(px)\", \"value\": 1920, \"component\": \"configureInput\"}, {\"type\": \"height\", \"label\": \"高度(px)\", \"value\": 1080, \"component\": \"configureInput\"}, {\"type\": \"backgroundColor\", \"label\": \"背景颜色\", \"value\": \"rgba(0, 0, 0, 0)\", \"component\": \"configureColor\", \"predefineColors\": [\"#00ced1\", \"#1e90ff\", \"#c71585\", \"rgba(255, 69, 0, 0.68)\", \"rgb(255, 120, 0)\", \"hsv(51, 100, 98)\"]}, {\"type\": \"backgroundImage\", \"label\": \"背景图片url\", \"value\": \"\", \"component\": \"configureInput\"}, {\"type\": \"opacity\", \"label\": \"背景图片透明度\", \"value\": \"0.5\", \"component\": \"configureInput\"}, {\"type\": \"fontSize\", \"label\": \"字体大小(px)\", \"value\": \"16\", \"component\": \"configureInput\"}, {\"type\": \"color\", \"label\": \"字体颜色\", \"value\": \"#000000\", \"component\": \"configureColor\", \"predefineColors\": [\"#00ced1\", \"#1e90ff\", \"#c71585\", \"rgba(255, 69, 0, 0.68)\", \"rgb(255, 120, 0)\", \"hsv(51, 100, 98)\"]}]}]}');

-- ----------------------------
-- Table structure for charts_img
-- ----------------------------
DROP TABLE IF EXISTS `charts_img`;
CREATE TABLE `charts_img`  (
  `created_at` datetime NULL DEFAULT NULL,
  `updated_at` datetime NULL DEFAULT NULL,
  `deleted_at` datetime NULL DEFAULT NULL,
  `id` int NOT NULL AUTO_INCREMENT,
  `chart_id` int NULL DEFAULT NULL,
  `img_path` varchar(255) CHARACTER SET utf8mb4 COLLATE utf8mb4_0900_ai_ci NULL DEFAULT NULL,
  `name` varchar(255) CHARACTER SET utf8mb4 COLLATE utf8mb4_0900_ai_ci NULL DEFAULT NULL,
  PRIMARY KEY (`id`) USING BTREE,
  INDEX `to_charts_img`(`chart_id` ASC) USING BTREE,
  CONSTRAINT `to_charts_img` FOREIGN KEY (`chart_id`) REFERENCES `charts` (`id`) ON DELETE RESTRICT ON UPDATE RESTRICT
) ENGINE = InnoDB AUTO_INCREMENT = 65 CHARACTER SET = utf8mb4 COLLATE = utf8mb4_0900_ai_ci ROW_FORMAT = Dynamic;

-- ----------------------------
-- Records of charts_img
-- ----------------------------
INSERT INTO `charts_img` VALUES ('2023-04-23 17:21:58', '2023-05-16 10:14:06', NULL, 63, 79, '/charts', '1684203246574s6WSM8x5yzPGStJNNFt88.png');
INSERT INTO `charts_img` VALUES ('2023-05-05 09:35:21', '2023-05-05 09:35:21', NULL, 64, 80, '/charts', '1683250521861aX2pyjrwJQsKQPR43EEhh.png');

-- ----------------------------
-- Table structure for components
-- ----------------------------
DROP TABLE IF EXISTS `components`;
CREATE TABLE `components`  (
  `created_at` datetime NULL DEFAULT NULL,
  `updated_at` datetime NULL DEFAULT NULL,
  `deleted_at` datetime NULL DEFAULT NULL,
  `id` bigint NOT NULL AUTO_INCREMENT,
  `template_id` bigint NULL DEFAULT NULL,
  `label` varchar(255) CHARACTER SET utf8mb4 COLLATE utf8mb4_0900_ai_ci NULL DEFAULT NULL,
  `type` varchar(255) CHARACTER SET utf8mb4 COLLATE utf8mb4_0900_ai_ci NULL DEFAULT NULL,
  `imgPath` varchar(255) CHARACTER SET utf8mb4 COLLATE utf8mb4_0900_ai_ci NULL DEFAULT NULL,
  `icon` varchar(255) CHARACTER SET utf8mb4 COLLATE utf8mb4_0900_ai_ci NULL DEFAULT NULL,
  `component` varchar(255) CHARACTER SET utf8mb4 COLLATE utf8mb4_0900_ai_ci NULL DEFAULT NULL,
  PRIMARY KEY (`id`) USING BTREE,
  INDEX `to_template_classification`(`template_id` ASC) USING BTREE,
  CONSTRAINT `to_template_classification` FOREIGN KEY (`template_id`) REFERENCES `template_classification` (`id`) ON DELETE RESTRICT ON UPDATE RESTRICT
) ENGINE = InnoDB AUTO_INCREMENT = 1683863912180 CHARACTER SET = utf8mb4 COLLATE = utf8mb4_0900_ai_ci ROW_FORMAT = Dynamic;

-- ----------------------------
-- Records of components
-- ----------------------------
INSERT INTO `components` VALUES ('2023-04-03 15:42:51', '2023-04-03 15:42:53', NULL, 1, 1, '容器盒子', 'panel', NULL, 'el-icon-box', 'designPanel');
INSERT INTO `components` VALUES ('2023-04-03 15:43:50', '2023-04-03 15:43:52', NULL, 2, 1, '布局盒子', 'layout', NULL, NULL, 'designLayout');
INSERT INTO `components` VALUES ('2023-04-03 15:47:01', '2023-04-03 15:47:03', NULL, 3, 1, '标题盒子', 'title', 'https://img0.baidu.com/it/u=2102354730,4274661238&fm=253&fmt=auto&app=138&f=PNG?w=500&h=275', NULL, 'designTitle');
INSERT INTO `components` VALUES ('2023-04-03 15:47:39', '2023-04-03 15:47:41', NULL, 4, 2, '折线图', 'lineChart', NULL, NULL, 'designChart');
INSERT INTO `components` VALUES ('2023-04-03 15:48:45', '2023-04-03 15:48:47', NULL, 5, 3, '修狗图片', 'img', NULL, NULL, 'designImg');
INSERT INTO `components` VALUES ('2023-05-05 10:16:27', '2023-05-05 10:16:30', NULL, 6, 4, '字体', 'font', NULL, NULL, 'designFont');
INSERT INTO `components` VALUES ('2023-05-12 12:13:53', '2023-05-12 12:13:53', NULL, 1683863912179, 2, '饼图', 'pieChart', '', '', 'designChart');

-- ----------------------------
-- Table structure for components_defaults
-- ----------------------------
DROP TABLE IF EXISTS `components_defaults`;
CREATE TABLE `components_defaults`  (
  `created_at` datetime NULL DEFAULT NULL,
  `updated_at` datetime NULL DEFAULT NULL,
  `deleted_at` datetime NULL DEFAULT NULL,
  `id` bigint NOT NULL AUTO_INCREMENT,
  `components_id` bigint NULL DEFAULT NULL,
  `type` varchar(255) CHARACTER SET utf8mb4 COLLATE utf8mb4_0900_ai_ci NULL DEFAULT NULL,
  `icon` varchar(255) CHARACTER SET utf8mb4 COLLATE utf8mb4_0900_ai_ci NULL DEFAULT NULL,
  `component` varchar(255) CHARACTER SET utf8mb4 COLLATE utf8mb4_0900_ai_ci NULL DEFAULT NULL,
  `label` varchar(255) CHARACTER SET utf8mb4 COLLATE utf8mb4_0900_ai_ci NULL DEFAULT NULL,
  PRIMARY KEY (`id`) USING BTREE,
  INDEX `to_components`(`components_id` ASC) USING BTREE,
  CONSTRAINT `to_components` FOREIGN KEY (`components_id`) REFERENCES `components` (`id`) ON DELETE RESTRICT ON UPDATE RESTRICT
) ENGINE = InnoDB AUTO_INCREMENT = 1684201094260 CHARACTER SET = utf8mb4 COLLATE = utf8mb4_0900_ai_ci ROW_FORMAT = Dynamic;

-- ----------------------------
-- Records of components_defaults
-- ----------------------------
INSERT INTO `components_defaults` VALUES ('2023-04-03 15:49:55', '2023-04-03 15:49:57', NULL, 1, 1, 'configure', NULL, 'configureList', '容器配置');
INSERT INTO `components_defaults` VALUES ('2023-04-03 15:52:12', '2023-04-03 15:52:14', NULL, 2, 1, 'dataFrom', NULL, 'dataFromPanelList', '数据源配置');
INSERT INTO `components_defaults` VALUES ('2023-04-03 15:52:47', '2023-04-03 15:52:49', NULL, 3, 2, 'configure', NULL, 'configureList', '布局配置');
INSERT INTO `components_defaults` VALUES ('2023-04-03 15:53:28', '2023-04-03 15:53:30', NULL, 4, 3, 'configure', NULL, 'configureList', '标题配置');
INSERT INTO `components_defaults` VALUES ('2023-04-03 15:56:27', '2023-04-03 15:56:29', NULL, 5, 4, 'configure', NULL, 'configureList', '折线图配置');
INSERT INTO `components_defaults` VALUES ('2023-04-03 15:57:13', '2023-04-03 15:57:15', NULL, 6, 4, 'position', NULL, 'configureList', '定位配置');
INSERT INTO `components_defaults` VALUES ('2023-04-03 15:58:12', '2023-04-03 15:58:16', NULL, 7, 4, 'dataFrom', NULL, 'dataFromList', '数据源配置');
INSERT INTO `components_defaults` VALUES ('2023-04-03 17:27:53', '2023-04-03 17:27:55', NULL, 8, 5, 'configure', NULL, 'configureList', '数据源配置');
INSERT INTO `components_defaults` VALUES ('2023-04-03 17:28:27', '2023-04-03 17:28:29', NULL, 9, 5, 'position', NULL, 'configureList', '定位配置');
INSERT INTO `components_defaults` VALUES ('2023-05-05 10:17:43', '2023-05-05 10:17:45', NULL, 12, 6, 'configure', NULL, 'configureList', '样式配置');
INSERT INTO `components_defaults` VALUES ('2023-05-12 12:13:53', '2023-05-12 12:13:53', NULL, 1683863925401, 1683863912179, 'position', '', 'configureList', '定位配置');
INSERT INTO `components_defaults` VALUES ('2023-05-12 12:28:18', '2023-05-12 12:28:18', NULL, 1683865616183, 1683863912179, 'dataFrom', '', 'dataFromList', '数据源配置');
INSERT INTO `components_defaults` VALUES ('2023-05-12 13:09:05', '2023-05-12 13:09:05', NULL, 1683867928951, 1683863912179, 'configure', '', 'configureList', '饼图配置');
INSERT INTO `components_defaults` VALUES ('2023-05-16 09:38:19', '2023-05-16 09:38:19', NULL, 1684201094259, 6, 'position', '', 'configureList', '定位配置');

-- ----------------------------
-- Table structure for components_defaults_configures
-- ----------------------------
DROP TABLE IF EXISTS `components_defaults_configures`;
CREATE TABLE `components_defaults_configures`  (
  `created_at` datetime NULL DEFAULT NULL,
  `updated_at` datetime NULL DEFAULT NULL,
  `deleted_at` datetime NULL DEFAULT NULL,
  `id` bigint NOT NULL AUTO_INCREMENT,
  `defaults_id` bigint NULL DEFAULT NULL,
  `label` varchar(255) CHARACTER SET utf8mb4 COLLATE utf8mb4_0900_ai_ci NULL DEFAULT NULL,
  `type` varchar(255) CHARACTER SET utf8mb4 COLLATE utf8mb4_0900_ai_ci NULL DEFAULT NULL,
  `component` varchar(255) CHARACTER SET utf8mb4 COLLATE utf8mb4_0900_ai_ci NULL DEFAULT NULL,
  `value` varchar(255) CHARACTER SET utf8mb4 COLLATE utf8mb4_0900_ai_ci NULL DEFAULT NULL,
  `disabled` varchar(255) CHARACTER SET utf8mb4 COLLATE utf8mb4_0900_ai_ci NULL DEFAULT NULL,
  `jsonData` json NULL COMMENT '这个字段直接存例如echarts的静态数据',
  PRIMARY KEY (`id`) USING BTREE,
  INDEX `to_components_defaults`(`defaults_id` ASC) USING BTREE,
  CONSTRAINT `to_components_defaults` FOREIGN KEY (`defaults_id`) REFERENCES `components_defaults` (`id`) ON DELETE RESTRICT ON UPDATE RESTRICT
) ENGINE = InnoDB AUTO_INCREMENT = 1684210117807 CHARACTER SET = utf8mb4 COLLATE = utf8mb4_0900_ai_ci ROW_FORMAT = Dynamic;

-- ----------------------------
-- Records of components_defaults_configures
-- ----------------------------
INSERT INTO `components_defaults_configures` VALUES ('2023-04-03 16:03:36', '2023-04-03 16:03:38', NULL, 1, 1, '标题', 'title', 'configureInput', '容器标题', NULL, NULL);
INSERT INTO `components_defaults_configures` VALUES ('2023-04-03 16:14:03', '2023-04-03 16:14:06', NULL, 2, 1, '背景图片url', 'backgroundImage', 'configureInput', NULL, NULL, NULL);
INSERT INTO `components_defaults_configures` VALUES ('2023-04-03 16:15:03', '2023-05-12 09:56:23', NULL, 3, 1, '背景颜色', 'backgroundColor', 'configureColor', 'rgba(0, 0, 0, 0)', NULL, '[\"#00ced1\", \"#1e90ff\", \"#c71585\", \"rgba(255, 69, 0, 0.68)\", \"rgb(255, 120, 0)\", \"hsv(51, 100, 98)\"]');
INSERT INTO `components_defaults_configures` VALUES ('2023-04-03 16:15:51', '2023-04-03 16:15:53', NULL, 4, 1, '背景透明度', 'opacity', 'configureInput', '1', NULL, NULL);
INSERT INTO `components_defaults_configures` VALUES ('2023-04-03 16:16:42', '2023-04-03 16:16:45', NULL, 5, 1, '字体大小(px)', 'fontSize', 'configureInput', '16', NULL, NULL);
INSERT INTO `components_defaults_configures` VALUES ('2023-04-03 16:17:17', '2023-04-03 16:17:19', NULL, 6, 1, '字体颜色', 'color', 'configureColor', '#000000', NULL, '[\"#00ced1\", \"#1e90ff\", \"#c71585\", \"rgba(255, 69, 0, 0.68)\", \"rgb(255, 120, 0)\", \"hsv(51, 100, 98)\"]');
INSERT INTO `components_defaults_configures` VALUES ('2023-04-03 16:21:39', '2023-04-03 16:21:41', NULL, 7, 3, '布局类型', 'item', 'configureLayoutConfig', 'scattered', NULL, NULL);
INSERT INTO `components_defaults_configures` VALUES ('2023-04-03 16:23:39', '2023-04-03 16:23:42', NULL, 8, 4, '高度(%)', 'height', 'configureInput', '10', NULL, NULL);
INSERT INTO `components_defaults_configures` VALUES ('2023-04-03 16:26:58', '2023-04-03 16:27:01', NULL, 9, 4, '标题', 'title', 'configureInput', '容器标题', NULL, NULL);
INSERT INTO `components_defaults_configures` VALUES ('2023-04-03 16:27:33', '2023-04-03 16:27:36', NULL, 10, 4, '背景颜色', 'backgroundColor', 'configureColor', 'rgba(0, 0, 0, 0)', NULL, '[\"#00ced1\", \"#1e90ff\", \"#c71585\", \"rgba(255, 69, 0, 0.68)\", \"rgb(255, 120, 0)\", \"hsv(51, 100, 98)\"]');
INSERT INTO `components_defaults_configures` VALUES ('2023-04-03 16:28:15', '2023-04-03 16:28:18', NULL, 11, 4, '背景图片url', 'backgroundImage', 'configureInput', NULL, NULL, NULL);
INSERT INTO `components_defaults_configures` VALUES ('2023-04-03 16:28:48', '2023-04-03 16:28:50', NULL, 12, 4, '背景透明度', 'opacity', 'configureInput', '1', NULL, NULL);
INSERT INTO `components_defaults_configures` VALUES ('2023-04-03 16:29:18', '2023-04-03 16:29:20', NULL, 13, 4, '字体大小(px)', 'fontSize', 'configureInput', '16', NULL, NULL);
INSERT INTO `components_defaults_configures` VALUES ('2023-04-03 16:29:56', '2023-04-03 16:29:58', NULL, 14, 4, '字体颜色', 'color', 'configureColor', '#000000', NULL, '[\"#00ced1\", \"#1e90ff\", \"#c71585\", \"rgba(255, 69, 0, 0.68)\", \"rgb(255, 120, 0)\", \"hsv(51, 100, 98)\"]');
INSERT INTO `components_defaults_configures` VALUES ('2023-04-03 16:31:10', '2023-05-12 13:31:04', NULL, 15, 5, '标题配置', 'title', 'configureChartList', NULL, NULL, 'null');
INSERT INTO `components_defaults_configures` VALUES ('2023-04-03 16:59:59', '2023-04-03 17:00:01', NULL, 16, 6, '宽度(px)', 'width', 'configureInput', '500', '0', NULL);
INSERT INTO `components_defaults_configures` VALUES ('2023-04-03 17:09:04', '2023-04-03 17:09:06', NULL, 17, 6, '高度(px)', 'height', 'configureInput', '450', '0', NULL);
INSERT INTO `components_defaults_configures` VALUES ('2023-04-03 17:09:43', '2023-04-03 17:09:45', NULL, 18, 6, 'top(px)', 'top', 'configureInput', '0', '0', NULL);
INSERT INTO `components_defaults_configures` VALUES ('2023-04-03 17:10:28', '2023-04-03 17:10:31', NULL, 19, 6, 'left(px)', 'left', 'configureInput', '0', '0', NULL);
INSERT INTO `components_defaults_configures` VALUES ('2023-04-03 17:11:42', '2023-04-03 17:11:45', NULL, 20, 7, '静态数据源', 'staticData', NULL, '', NULL, '{\"xAxis\": {\"data\": [\"Mon\", \"Tue\", \"Wed\", \"Thu\", \"Fri\", \"Sat\", \"Sun\"], \"type\": \"category\"}, \"yAxis\": {\"type\": \"value\"}, \"series\": [{\"data\": [150, 230, 224, 218, 135, 147, 260], \"type\": \"line\"}]}');
INSERT INTO `components_defaults_configures` VALUES ('2023-04-03 17:25:26', '2023-04-03 17:25:29', NULL, 21, 7, '动态数据源url', 'dynamicDataUrl', NULL, NULL, NULL, NULL);
INSERT INTO `components_defaults_configures` VALUES ('2023-04-03 17:26:19', '2023-04-03 17:26:22', NULL, 22, 8, '图片url', 'src', 'configureInput', 'https://img1.baidu.com/it/u=1795611050,2013221134&fm=253&fmt=auto&app=120&f=JPEG?w=1422&h=800', NULL, NULL);
INSERT INTO `components_defaults_configures` VALUES ('2023-04-03 17:29:11', '2023-04-03 17:29:14', NULL, 23, 9, '宽度(px)', 'width', 'configureInput', '500', '0', NULL);
INSERT INTO `components_defaults_configures` VALUES ('2023-04-03 17:31:23', '2023-04-03 17:31:25', NULL, 24, 9, '高度(px)', 'height', 'configureInput', '450', '0', NULL);
INSERT INTO `components_defaults_configures` VALUES ('2023-04-03 17:31:48', '2023-04-03 17:31:51', NULL, 25, 9, 'top(px)', 'top', 'configureInput', '0', '0', NULL);
INSERT INTO `components_defaults_configures` VALUES ('2023-04-03 17:32:12', '2023-04-03 17:32:14', NULL, 26, 9, 'left(px)', 'left', 'configureInput', '0', '0', NULL);
INSERT INTO `components_defaults_configures` VALUES ('2023-05-12 12:13:53', '2023-05-12 12:13:53', NULL, 27, 1683863925401, '宽度(px)', 'width', 'configureInput', '500', '0', 'null');
INSERT INTO `components_defaults_configures` VALUES ('2023-05-12 12:13:53', '2023-05-12 12:13:53', NULL, 28, 1683863925401, '高度(px)', 'height', 'configureInput', '450', '0', 'null');
INSERT INTO `components_defaults_configures` VALUES ('2023-05-12 12:13:53', '2023-05-12 12:13:53', NULL, 29, 1683863925401, 'top(px)', 'top', 'configureInput', '0', '0', 'null');
INSERT INTO `components_defaults_configures` VALUES ('2023-05-12 12:13:53', '2023-05-12 12:13:53', NULL, 30, 1683863925401, 'left(px)', 'left', 'configureInput', '0', '0', 'null');
INSERT INTO `components_defaults_configures` VALUES ('2023-05-12 12:28:18', '2023-05-12 13:31:04', NULL, 1683865690986, 1683865616183, '静态数据源', 'staticData', '', '', '0', '{\"title\": {\"left\": \"center\", \"text\": \"Referer of a Website\", \"subtext\": \"Fake Data\"}, \"legend\": {\"left\": \"left\", \"orient\": \"vertical\"}, \"series\": [{\"data\": [{\"name\": \"Search Engine\", \"value\": 1048}, {\"name\": \"Direct\", \"value\": 735}, {\"name\": \"Email\", \"value\": 580}, {\"name\": \"Union Ads\", \"value\": 484}, {\"name\": \"Video Ads\", \"value\": 300}], \"name\": \"Access From\", \"type\": \"pie\", \"radius\": \"50%\", \"emphasis\": {\"itemStyle\": {\"shadowBlur\": 10, \"shadowColor\": \"rgba(0,0,0,0.5)\", \"shadowOffsetX\": 0}}}], \"tooltip\": {\"trigger\": \"item\"}}');
INSERT INTO `components_defaults_configures` VALUES ('2023-05-12 13:09:05', '2023-05-15 11:26:11', NULL, 1683867964878, 1683867928951, '标题配置', 'title', 'configureChartList', '', '0', '\"\"');
INSERT INTO `components_defaults_configures` VALUES ('2023-05-15 12:42:26', '2023-05-15 17:02:11', NULL, 1684125693382, 1683867928951, '图例配置', 'legend', 'configureChartList', '', '0', '\"\"');
INSERT INTO `components_defaults_configures` VALUES ('2023-05-16 09:38:19', '2023-05-16 11:33:46', NULL, 1684142920399, 1684201094259, '宽度(px)', 'width', 'configureInput', '250', '0', 'null');
INSERT INTO `components_defaults_configures` VALUES ('2023-05-16 09:38:19', '2023-05-16 11:33:46', NULL, 1684142920400, 1684201094259, '高度(px)', 'height', 'configureInput', '80', '0', 'null');
INSERT INTO `components_defaults_configures` VALUES ('2023-05-16 09:38:19', '2023-05-16 09:38:19', NULL, 1684142920401, 1684201094259, 'top(px)', 'top', 'configureInput', '0', '0', 'null');
INSERT INTO `components_defaults_configures` VALUES ('2023-05-16 09:38:19', '2023-05-16 09:38:19', NULL, 1684142920402, 1684201094259, 'left(px)', 'left', 'configureInput', '0', '0', 'null');
INSERT INTO `components_defaults_configures` VALUES ('2023-05-16 09:59:18', '2023-05-16 10:18:51', NULL, 1684202355434, 12, '内容', 'font', 'configureInput', '请输入内容', '0', '{}');
INSERT INTO `components_defaults_configures` VALUES ('2023-05-16 10:16:58', '2023-05-16 11:58:50', NULL, 1684203414321, 12, '字体大小(px)', 'fontSize', 'configureInput', '24', '0', '{}');
INSERT INTO `components_defaults_configures` VALUES ('2023-05-16 10:18:07', '2023-05-16 10:18:07', NULL, 1684203485049, 12, '字体颜色', 'color', 'configureColor', '#000000', '0', '[\"#00ced1\", \"#1e90ff\", \"#c71585\", \"rgba(255, 69, 0, 0.68)\", \"rgb(255, 120, 0)\", \"hsv(51, 100, 98)\"]');
INSERT INTO `components_defaults_configures` VALUES ('2023-05-16 11:24:43', '2023-05-16 11:58:50', NULL, 1684207481207, 12, '背景颜色', 'backgroundColor', 'configureColor', '', '0', '[\"#00ced1\", \"#1e90ff\", \"#c71585\", \"rgba(255, 69, 0, 0.68)\", \"rgb(255, 120, 0)\", \"hsv(51, 100, 98)\"]');
INSERT INTO `components_defaults_configures` VALUES ('2023-05-16 11:58:50', '2023-05-16 11:58:50', NULL, 1684209529262, 12, '字体样式', 'fontFamily', 'configureSelect', 'serif', '0', '[\"serif\", \"sans-serif\", \"monospace\", \"cursive\", \"fantasy\"]');
INSERT INTO `components_defaults_configures` VALUES ('2023-05-16 12:08:39', '2023-05-16 12:08:39', NULL, 1684210117806, 12, '透明度', 'opacity', 'configureInput', '1', '0', '{}');

-- ----------------------------
-- Table structure for components_defaults_configures_chart_value
-- ----------------------------
DROP TABLE IF EXISTS `components_defaults_configures_chart_value`;
CREATE TABLE `components_defaults_configures_chart_value`  (
  `created_at` datetime NULL DEFAULT NULL,
  `updated_at` datetime NULL DEFAULT NULL,
  `deleted_at` datetime NULL DEFAULT NULL,
  `id` bigint NOT NULL AUTO_INCREMENT,
  `configures_id` bigint NULL DEFAULT NULL,
  `label` varchar(255) CHARACTER SET utf8mb4 COLLATE utf8mb4_0900_ai_ci NULL DEFAULT NULL,
  `type` varchar(255) CHARACTER SET utf8mb4 COLLATE utf8mb4_0900_ai_ci NULL DEFAULT NULL,
  `component` varchar(255) CHARACTER SET utf8mb4 COLLATE utf8mb4_0900_ai_ci NULL DEFAULT NULL,
  `value` varchar(255) CHARACTER SET utf8mb4 COLLATE utf8mb4_0900_ai_ci NULL DEFAULT NULL,
  `jsonData` json NULL,
  PRIMARY KEY (`id`) USING BTREE,
  INDEX `to_components_defaults_configures`(`configures_id` ASC) USING BTREE,
  CONSTRAINT `to_components_defaults_configures` FOREIGN KEY (`configures_id`) REFERENCES `components_defaults_configures` (`id`) ON DELETE RESTRICT ON UPDATE RESTRICT
) ENGINE = InnoDB AUTO_INCREMENT = 153 CHARACTER SET = utf8mb4 COLLATE = utf8mb4_0900_ai_ci ROW_FORMAT = Dynamic;

-- ----------------------------
-- Records of components_defaults_configures_chart_value
-- ----------------------------
INSERT INTO `components_defaults_configures_chart_value` VALUES ('2023-04-03 16:35:35', '2023-05-12 13:31:04', NULL, 1, 15, '标题', 'text', 'configureInput', '折线图标题23', NULL);
INSERT INTO `components_defaults_configures_chart_value` VALUES ('2023-04-03 16:37:35', '2023-05-12 13:31:04', NULL, 2, 15, '显示', 'show', 'configureSwitch', '0', NULL);
INSERT INTO `components_defaults_configures_chart_value` VALUES ('2023-04-03 16:40:58', '2023-05-12 13:31:04', NULL, 3, 15, '标题超链接', 'link', 'configureInput', NULL, NULL);
INSERT INTO `components_defaults_configures_chart_value` VALUES ('2023-04-03 16:41:23', '2023-05-12 13:31:04', NULL, 4, 15, '标题样式', 'textStyle', 'configureChartList', NULL, NULL);
INSERT INTO `components_defaults_configures_chart_value` VALUES ('2023-04-03 16:41:23', '2023-05-15 12:42:26', NULL, 5, 1683867964878, '标题样式', 'textStyle', 'configureChartList', NULL, 'null');
INSERT INTO `components_defaults_configures_chart_value` VALUES ('2023-04-03 16:40:58', '2023-05-15 12:42:26', NULL, 6, 1683867964878, '标题超链接', 'link', 'configureInput', NULL, 'null');
INSERT INTO `components_defaults_configures_chart_value` VALUES ('2023-04-03 16:37:35', '2023-05-15 12:42:26', NULL, 7, 1683867964878, '显示', 'show', 'configureSwitch', '1', 'null');
INSERT INTO `components_defaults_configures_chart_value` VALUES ('2023-04-03 16:35:35', '2023-05-15 12:42:26', NULL, 8, 1683867964878, '标题', 'text', 'configureInput', '饼图标题qwe', 'null');
INSERT INTO `components_defaults_configures_chart_value` VALUES ('2023-05-15 10:33:28', '2023-05-15 12:42:26', NULL, 9, 1683867964878, '副标题', 'subtext', 'configureInput', '饼图副标题', 'null');
INSERT INTO `components_defaults_configures_chart_value` VALUES ('2023-05-15 10:33:28', '2023-05-15 12:42:26', NULL, 10, 1683867964878, '副标题文本超链接', 'sublink', 'configureInput', '饼图副标题', 'null');
INSERT INTO `components_defaults_configures_chart_value` VALUES ('2023-05-15 10:33:28', '2023-05-15 12:42:26', NULL, 11, 1683867964878, '指定窗口打开', 'subtarget', 'configureSelect', 'self', '[\"self\", \"blank\"]');
INSERT INTO `components_defaults_configures_chart_value` VALUES ('2023-05-15 10:33:28', '2023-05-15 12:42:26', NULL, 12, 1683867964878, '副标题样式', 'subtextStyle', 'configureChartList', NULL, 'null');
INSERT INTO `components_defaults_configures_chart_value` VALUES ('2023-05-15 10:54:05', '2023-05-15 12:42:26', NULL, 17, 1683867964878, '整体水平对齐方式', 'textAlign', 'configureSelect', NULL, '[\"auto\", \"left\", \"right\", \"center\"]');
INSERT INTO `components_defaults_configures_chart_value` VALUES ('2023-05-15 11:03:18', '2023-05-15 12:42:26', NULL, 35, 1683867964878, '左距离', 'left', 'configureSelect', 'center', '[\"left\", \"center\", \"right\"]');
INSERT INTO `components_defaults_configures_chart_value` VALUES ('2023-05-15 11:03:18', '2023-05-15 12:42:26', NULL, 36, 1683867964878, '顶部距离', 'top', 'configureSelect', 'top', '[\"top\", \"middle\", \"bottom\"]');
INSERT INTO `components_defaults_configures_chart_value` VALUES ('2023-05-15 11:18:12', '2023-05-15 12:42:26', NULL, 58, 1683867964878, '标题背景颜色', 'backgroundColor', 'configureColor', 'rgba(255, 255, 255, 0)', '[\"#00ced1\", \"#1e90ff\", \"#c71585\", \"rgba(255, 69, 0, 0.68)\", \"rgb(255, 120, 0)\", \"hsv(51, 100, 98)\"]');
INSERT INTO `components_defaults_configures_chart_value` VALUES ('2023-05-15 11:20:37', '2023-05-15 12:42:26', NULL, 70, 1683867964878, '标题边框颜色', 'borderColor', 'configureColor', 'rgba(255, 255, 255, 0)', '[\"#00ced1\", \"#1e90ff\", \"#c71585\", \"rgba(255, 69, 0, 0.68)\", \"rgb(255, 120, 0)\", \"hsv(51, 100, 98)\"]');
INSERT INTO `components_defaults_configures_chart_value` VALUES ('2023-05-15 12:42:26', '2023-05-15 12:42:26', NULL, 97, 1683867964878, '标题边框宽度', 'borderWidth', 'configureInput', '0', '[]');
INSERT INTO `components_defaults_configures_chart_value` VALUES ('2023-05-15 12:55:05', '2023-05-15 17:28:44', NULL, 111, 1684125693382, '图例类型', 'type', 'configureSelect', 'plain', '[\"plain\", \"scroll\"]');
INSERT INTO `components_defaults_configures_chart_value` VALUES ('2023-05-15 13:25:41', '2023-05-15 17:28:44', NULL, 112, 1684125693382, '显示图例', 'show', 'configureSwitch', '1', 'null');
INSERT INTO `components_defaults_configures_chart_value` VALUES ('2023-05-15 14:09:06', '2023-05-15 17:28:44', NULL, 114, 1684125693382, '左距离', 'left', 'configureSelect', 'auto', '[\"left\", \"center\", \"right\"]');
INSERT INTO `components_defaults_configures_chart_value` VALUES ('2023-05-15 14:09:06', '2023-05-15 17:28:44', NULL, 115, 1684125693382, '顶部距离', 'top', 'configureSelect', 'top', '[\"top\", \"middle\", \"bottom\"]');
INSERT INTO `components_defaults_configures_chart_value` VALUES ('2023-05-15 14:19:35', '2023-05-15 17:28:44', NULL, 118, 1684125693382, '图例布局朝向', 'orient', 'configureSelect', 'vertical', '[\"horizontal\", \"vertical\"]');
INSERT INTO `components_defaults_configures_chart_value` VALUES ('2023-05-15 15:53:02', '2023-05-15 17:28:44', NULL, 123, 1684125693382, '图例标记和文本对齐', 'align', 'configureSelect', 'auto', '[\"auto\", \"left\", \"right\"]');
INSERT INTO `components_defaults_configures_chart_value` VALUES ('2023-05-15 17:00:53', '2023-05-15 17:28:44', NULL, 138, 1684125693382, '标题样式', 'textStyle', 'configureChartList', NULL, 'null');

-- ----------------------------
-- Table structure for components_defaults_configures_chart_value_details
-- ----------------------------
DROP TABLE IF EXISTS `components_defaults_configures_chart_value_details`;
CREATE TABLE `components_defaults_configures_chart_value_details`  (
  `created_at` datetime NULL DEFAULT NULL,
  `updated_at` datetime NULL DEFAULT NULL,
  `deleted_at` datetime NULL DEFAULT NULL,
  `id` bigint NOT NULL AUTO_INCREMENT,
  `value_id` bigint NULL DEFAULT NULL,
  `label` varchar(255) CHARACTER SET utf8mb4 COLLATE utf8mb4_0900_ai_ci NULL DEFAULT NULL,
  `component` varchar(255) CHARACTER SET utf8mb4 COLLATE utf8mb4_0900_ai_ci NULL DEFAULT NULL,
  `type` varchar(255) CHARACTER SET utf8mb4 COLLATE utf8mb4_0900_ai_ci NULL DEFAULT NULL,
  `value` varchar(255) CHARACTER SET utf8mb4 COLLATE utf8mb4_0900_ai_ci NULL DEFAULT NULL,
  `jsonData` json NULL,
  PRIMARY KEY (`id`) USING BTREE,
  INDEX `to_components_defaults_configures_chart_value`(`value_id` ASC) USING BTREE,
  CONSTRAINT `to_components_defaults_configures_chart_value` FOREIGN KEY (`value_id`) REFERENCES `components_defaults_configures_chart_value` (`id`) ON DELETE RESTRICT ON UPDATE RESTRICT
) ENGINE = InnoDB AUTO_INCREMENT = 61 CHARACTER SET = utf8mb4 COLLATE = utf8mb4_0900_ai_ci ROW_FORMAT = Dynamic;

-- ----------------------------
-- Records of components_defaults_configures_chart_value_details
-- ----------------------------
INSERT INTO `components_defaults_configures_chart_value_details` VALUES ('2023-04-05 07:42:50', '2023-05-12 13:31:04', NULL, 1, 4, '字体颜色', 'configureColor', 'color', '#000000', '[\"#00ced1\", \"#1e90ff\", \"#c71585\", \"rgba(255, 69, 0, 0.68)\", \"rgb(255, 120, 0)\", \"hsv(51, 100, 98)\"]');
INSERT INTO `components_defaults_configures_chart_value_details` VALUES ('2023-05-11 11:51:59', '2023-05-12 13:31:04', NULL, 4, 4, '字体样式', 'configureInput', 'fontStyle', 'normal', 'null');
INSERT INTO `components_defaults_configures_chart_value_details` VALUES ('2023-05-12 10:20:35', '2023-05-12 13:31:04', NULL, 5, 4, '字体宽度', 'configureInput', 'fontWeight', 'bolder', 'null');
INSERT INTO `components_defaults_configures_chart_value_details` VALUES ('2023-05-12 10:20:35', '2023-05-12 13:31:04', NULL, 6, 4, '字体大小', 'configureInput', 'fontSize', '18', 'null');
INSERT INTO `components_defaults_configures_chart_value_details` VALUES ('2023-05-12 10:20:35', '2023-05-12 13:31:04', NULL, 7, 4, '字体描边颜色', 'configureColor', 'textBorderColor', '#000000', '[\"#00ced1\", \"#1e90ff\", \"#c71585\", \"rgba(255, 69, 0, 0.68)\", \"rgb(255, 120, 0)\", \"hsv(51, 100, 98)\"]');
INSERT INTO `components_defaults_configures_chart_value_details` VALUES ('2023-05-12 10:20:35', '2023-05-12 13:31:04', NULL, 8, 4, '字体描边宽度', 'configureInput', 'textBorderWidth', '0', 'null');
INSERT INTO `components_defaults_configures_chart_value_details` VALUES ('2023-05-12 10:20:35', '2023-05-12 13:31:04', NULL, 9, 4, '字体阴影', 'configureColor', 'textShadowColor', 'transparent', '[\"#00ced1\", \"#1e90ff\", \"#c71585\", \"rgba(255, 69, 0, 0.68)\", \"rgb(255, 120, 0)\", \"hsv(51, 100, 98)\"]');
INSERT INTO `components_defaults_configures_chart_value_details` VALUES ('2023-05-12 10:20:35', '2023-05-12 13:31:04', NULL, 10, 4, '字体阴影长度', 'configureInput', 'textShadowBlur', '0', 'null');
INSERT INTO `components_defaults_configures_chart_value_details` VALUES ('2023-05-12 10:20:35', '2023-05-12 13:31:04', NULL, 11, 4, '字体阴影X偏移', 'configureInput', 'textShadowOffsetX', '0', 'null');
INSERT INTO `components_defaults_configures_chart_value_details` VALUES ('2023-05-12 10:20:35', '2023-05-12 13:31:04', NULL, 12, 4, '字体阴影Y偏移', 'configureInput', 'textShadowOffsetY', '0', 'null');
INSERT INTO `components_defaults_configures_chart_value_details` VALUES ('2023-05-12 13:36:26', '2023-05-15 12:42:26', NULL, 25, 5, '字体阴影Y偏移', 'configureInput', 'textShadowOffsetY', '0', 'null');
INSERT INTO `components_defaults_configures_chart_value_details` VALUES ('2023-05-12 13:36:26', '2023-05-15 12:42:26', NULL, 26, 5, '字体阴影X偏移', 'configureInput', 'textShadowOffsetX', '0', 'null');
INSERT INTO `components_defaults_configures_chart_value_details` VALUES ('2023-05-12 13:36:26', '2023-05-15 12:42:26', NULL, 27, 5, '字体阴影长度', 'configureInput', 'textShadowBlur', '0', 'null');
INSERT INTO `components_defaults_configures_chart_value_details` VALUES ('2023-05-12 13:36:26', '2023-05-15 12:42:26', NULL, 28, 5, '字体阴影', 'configureColor', 'textShadowColor', 'transparent', '[\"#00ced1\", \"#1e90ff\", \"#c71585\", \"rgba(255, 69, 0, 0.68)\", \"rgb(255, 120, 0)\", \"hsv(51, 100, 98)\"]');
INSERT INTO `components_defaults_configures_chart_value_details` VALUES ('2023-05-12 13:36:26', '2023-05-15 12:42:26', NULL, 29, 5, '字体描边颜色', 'configureColor', 'textBorderColor', '#000000', '[\"#00ced1\", \"#1e90ff\", \"#c71585\", \"rgba(255, 69, 0, 0.68)\", \"rgb(255, 120, 0)\", \"hsv(51, 100, 98)\"]');
INSERT INTO `components_defaults_configures_chart_value_details` VALUES ('2023-05-12 13:36:26', '2023-05-15 12:42:26', NULL, 30, 5, '字体大小', 'configureInput', 'fontSize', '18', 'null');
INSERT INTO `components_defaults_configures_chart_value_details` VALUES ('2023-05-12 13:36:26', '2023-05-15 12:42:26', NULL, 31, 5, '字体宽度', 'configureSelect', 'fontWeight', 'bolder', '[\"normal\", \"bold\", \"bolder\", \"lighter\", 100, 200, 300, 400, 500, 600, 700, 800, 900]');
INSERT INTO `components_defaults_configures_chart_value_details` VALUES ('2023-05-12 13:36:26', '2023-05-15 12:42:26', NULL, 32, 5, '字体样式', 'configureSelect', 'fontStyle', 'normal', '[\"normal\", \"italic\", \"oblique\"]');
INSERT INTO `components_defaults_configures_chart_value_details` VALUES ('2023-05-12 13:36:26', '2023-05-15 12:42:26', NULL, 33, 5, '字体颜色', 'configureColor', 'color', '#000000', '[\"#00ced1\", \"#1e90ff\", \"#c71585\", \"rgba(255, 69, 0, 0.68)\", \"rgb(255, 120, 0)\", \"hsv(51, 100, 98)\"]');
INSERT INTO `components_defaults_configures_chart_value_details` VALUES ('2023-05-15 10:39:36', '2023-05-15 12:42:26', NULL, 34, 12, '字体阴影Y偏移', 'configureInput', 'textShadowOffsetY', '0', 'null');
INSERT INTO `components_defaults_configures_chart_value_details` VALUES ('2023-05-15 10:39:36', '2023-05-15 12:42:26', NULL, 35, 12, '字体阴影X偏移', 'configureInput', 'textShadowOffsetX', '0', 'null');
INSERT INTO `components_defaults_configures_chart_value_details` VALUES ('2023-05-15 10:39:36', '2023-05-15 12:42:26', NULL, 36, 12, '字体阴影长度', 'configureInput', 'textShadowBlur', '0', 'null');
INSERT INTO `components_defaults_configures_chart_value_details` VALUES ('2023-05-15 10:39:36', '2023-05-15 12:42:26', NULL, 37, 12, '字体阴影', 'configureColor', 'textShadowColor', 'transparent', '[\"#00ced1\", \"#1e90ff\", \"#c71585\", \"rgba(255, 69, 0, 0.68)\", \"rgb(255, 120, 0)\", \"hsv(51, 100, 98)\"]');
INSERT INTO `components_defaults_configures_chart_value_details` VALUES ('2023-05-15 10:39:36', '2023-05-15 12:42:26', NULL, 38, 12, '字体描边颜色', 'configureColor', 'textBorderColor', '#000000', '[\"#00ced1\", \"#1e90ff\", \"#c71585\", \"rgba(255, 69, 0, 0.68)\", \"rgb(255, 120, 0)\", \"hsv(51, 100, 98)\"]');
INSERT INTO `components_defaults_configures_chart_value_details` VALUES ('2023-05-15 10:39:36', '2023-05-15 12:42:26', NULL, 39, 12, '字体大小', 'configureInput', 'fontSize', '18', 'null');
INSERT INTO `components_defaults_configures_chart_value_details` VALUES ('2023-05-15 10:39:36', '2023-05-15 12:42:26', NULL, 40, 12, '字体宽度', 'configureSelect', 'fontWeight', 'bolder', '[\"normal\", \"bold\", \"bolder\", \"lighter\", 100, 200, 300, 400, 500, 600, 700, 800, 900]');
INSERT INTO `components_defaults_configures_chart_value_details` VALUES ('2023-05-15 10:39:36', '2023-05-15 12:42:26', NULL, 41, 12, '字体样式', 'configureSelect', 'fontStyle', 'normal', '[\"normal\", \"italic\", \"oblique\"]');
INSERT INTO `components_defaults_configures_chart_value_details` VALUES ('2023-05-15 10:39:36', '2023-05-15 12:42:26', NULL, 42, 12, '字体颜色', 'configureColor', 'color', '#000000', '[\"#00ced1\", \"#1e90ff\", \"#c71585\", \"rgba(255, 69, 0, 0.68)\", \"rgb(255, 120, 0)\", \"hsv(51, 100, 98)\"]');
INSERT INTO `components_defaults_configures_chart_value_details` VALUES ('2023-05-15 17:02:11', '2023-05-15 17:28:44', NULL, 52, 138, '字体阴影Y偏移', 'configureInput', 'textShadowOffsetY', '0', 'null');
INSERT INTO `components_defaults_configures_chart_value_details` VALUES ('2023-05-15 17:02:11', '2023-05-15 17:28:44', NULL, 53, 138, '字体阴影X偏移', 'configureInput', 'textShadowOffsetX', '0', 'null');
INSERT INTO `components_defaults_configures_chart_value_details` VALUES ('2023-05-15 17:02:11', '2023-05-15 17:28:44', NULL, 54, 138, '字体阴影长度', 'configureInput', 'textShadowBlur', '0', 'null');
INSERT INTO `components_defaults_configures_chart_value_details` VALUES ('2023-05-15 17:02:11', '2023-05-15 17:28:44', NULL, 55, 138, '字体阴影', 'configureColor', 'textShadowColor', 'transparent', '[\"#00ced1\", \"#1e90ff\", \"#c71585\", \"rgba(255, 69, 0, 0.68)\", \"rgb(255, 120, 0)\", \"hsv(51, 100, 98)\"]');
INSERT INTO `components_defaults_configures_chart_value_details` VALUES ('2023-05-15 17:02:11', '2023-05-15 17:28:44', NULL, 56, 138, '字体描边颜色', 'configureColor', 'textBorderColor', '#000000', '[\"#00ced1\", \"#1e90ff\", \"#c71585\", \"rgba(255, 69, 0, 0.68)\", \"rgb(255, 120, 0)\", \"hsv(51, 100, 98)\"]');
INSERT INTO `components_defaults_configures_chart_value_details` VALUES ('2023-05-15 17:02:11', '2023-05-15 17:28:44', NULL, 57, 138, '字体大小', 'configureInput', 'fontSize', '18', 'null');
INSERT INTO `components_defaults_configures_chart_value_details` VALUES ('2023-05-15 17:02:11', '2023-05-15 17:28:44', NULL, 58, 138, '字体宽度', 'configureSelect', 'fontWeight', 'bolder', '[\"normal\", \"bold\", \"bolder\", \"lighter\", 100, 200, 300, 400, 500, 600, 700, 800, 900]');
INSERT INTO `components_defaults_configures_chart_value_details` VALUES ('2023-05-15 17:02:11', '2023-05-15 17:28:44', NULL, 59, 138, '字体样式', 'configureSelect', 'fontStyle', 'normal', '[\"normal\", \"italic\", \"oblique\"]');
INSERT INTO `components_defaults_configures_chart_value_details` VALUES ('2023-05-15 17:02:11', '2023-05-15 17:02:11', NULL, 60, 138, '字体颜色', 'configureColor', 'color', '#000000', '[\"#00ced1\", \"#1e90ff\", \"#c71585\", \"rgba(255, 69, 0, 0.68)\", \"rgb(255, 120, 0)\", \"hsv(51, 100, 98)\"]');

-- ----------------------------
-- Table structure for components_defaults_configures_layout
-- ----------------------------
DROP TABLE IF EXISTS `components_defaults_configures_layout`;
CREATE TABLE `components_defaults_configures_layout`  (
  `created_at` datetime NULL DEFAULT NULL,
  `updated_at` datetime NULL DEFAULT NULL,
  `deleted_at` datetime NULL DEFAULT NULL,
  `id` bigint NOT NULL AUTO_INCREMENT,
  `configures_id` bigint NULL DEFAULT NULL,
  `label` varchar(255) CHARACTER SET utf8mb4 COLLATE utf8mb4_0900_ai_ci NULL DEFAULT NULL,
  `type` varchar(255) CHARACTER SET utf8mb4 COLLATE utf8mb4_0900_ai_ci NULL DEFAULT NULL,
  `value` varchar(255) CHARACTER SET utf8mb4 COLLATE utf8mb4_0900_ai_ci NULL DEFAULT NULL,
  PRIMARY KEY (`id`) USING BTREE,
  INDEX `to_components_defaults_configures_layout`(`configures_id` ASC) USING BTREE,
  CONSTRAINT `to_components_defaults_configures_layout` FOREIGN KEY (`configures_id`) REFERENCES `components_defaults_configures` (`id`) ON DELETE RESTRICT ON UPDATE RESTRICT
) ENGINE = InnoDB AUTO_INCREMENT = 4 CHARACTER SET = utf8mb4 COLLATE = utf8mb4_0900_ai_ci ROW_FORMAT = Dynamic;

-- ----------------------------
-- Records of components_defaults_configures_layout
-- ----------------------------
INSERT INTO `components_defaults_configures_layout` VALUES ('2023-04-03 16:24:04', '2023-04-03 16:24:07', NULL, 1, 7, '无布局', 'scatteredLayout', 'scattered');
INSERT INTO `components_defaults_configures_layout` VALUES ('2023-04-03 16:25:07', '2023-04-03 16:25:08', NULL, 2, 7, '左右布局', 'leftAndRightLayout', 'leftAndRight');
INSERT INTO `components_defaults_configures_layout` VALUES ('2023-04-03 16:25:47', '2023-04-03 16:25:50', NULL, 3, 7, '网格布局', 'gridLayout', 'grid');

-- ----------------------------
-- Table structure for groups
-- ----------------------------
DROP TABLE IF EXISTS `groups`;
CREATE TABLE `groups`  (
  `created_at` datetime NULL DEFAULT NULL,
  `updated_at` datetime NULL DEFAULT NULL,
  `deleted_at` datetime NULL DEFAULT NULL,
  `id` int NOT NULL AUTO_INCREMENT,
  `group_name` varchar(255) CHARACTER SET utf8mb4 COLLATE utf8mb4_0900_ai_ci NULL DEFAULT NULL,
  PRIMARY KEY (`id`) USING BTREE
) ENGINE = InnoDB AUTO_INCREMENT = 4 CHARACTER SET = utf8mb4 COLLATE = utf8mb4_0900_ai_ci ROW_FORMAT = Dynamic;

-- ----------------------------
-- Records of groups
-- ----------------------------
INSERT INTO `groups` VALUES ('2023-03-09 09:58:48', '2023-03-09 09:58:58', NULL, 0, '个人');
INSERT INTO `groups` VALUES ('2023-03-09 09:59:27', '2023-03-09 09:59:31', NULL, 1, '所有人');
INSERT INTO `groups` VALUES ('2023-03-09 09:59:49', '2023-03-09 09:59:53', NULL, 2, '其他人');

-- ----------------------------
-- Table structure for roles
-- ----------------------------
DROP TABLE IF EXISTS `roles`;
CREATE TABLE `roles`  (
  `created_at` datetime NULL DEFAULT NULL,
  `updated_at` datetime NULL DEFAULT NULL,
  `deleted_at` datetime NULL DEFAULT NULL,
  `id` int NOT NULL AUTO_INCREMENT,
  `role_weight` int NULL DEFAULT NULL,
  `role_name` varchar(255) CHARACTER SET utf8mb4 COLLATE utf8mb4_0900_ai_ci NULL DEFAULT NULL,
  PRIMARY KEY (`id`) USING BTREE
) ENGINE = InnoDB AUTO_INCREMENT = 3 CHARACTER SET = utf8mb4 COLLATE = utf8mb4_0900_ai_ci ROW_FORMAT = Dynamic;

-- ----------------------------
-- Records of roles
-- ----------------------------
INSERT INTO `roles` VALUES ('2023-03-09 10:05:39', '2023-03-09 10:05:42', NULL, 1, 100, '管理员');
INSERT INTO `roles` VALUES ('2023-03-09 10:05:59', '2023-03-09 10:06:02', NULL, 2, 10, '普通人员');

-- ----------------------------
-- Table structure for routers
-- ----------------------------
DROP TABLE IF EXISTS `routers`;
CREATE TABLE `routers`  (
  `created_at` datetime NULL DEFAULT NULL,
  `updated_at` datetime NULL DEFAULT NULL,
  `deleted_at` datetime NULL DEFAULT NULL,
  `id` int NOT NULL AUTO_INCREMENT,
  `parent_id` int NULL DEFAULT NULL,
  `permission_weight` int NULL DEFAULT NULL,
  `name` varchar(255) CHARACTER SET utf8mb4 COLLATE utf8mb4_0900_ai_ci NULL DEFAULT NULL,
  `path` varchar(255) CHARACTER SET utf8mb4 COLLATE utf8mb4_0900_ai_ci NULL DEFAULT NULL,
  `component` varchar(255) CHARACTER SET utf8mb4 COLLATE utf8mb4_0900_ai_ci NULL DEFAULT NULL,
  `icon` varchar(255) CHARACTER SET utf8mb4 COLLATE utf8mb4_0900_ai_ci NULL DEFAULT NULL,
  `label` varchar(255) CHARACTER SET utf8mb4 COLLATE utf8mb4_0900_ai_ci NULL DEFAULT NULL,
  `group_id` varchar(255) CHARACTER SET utf8mb4 COLLATE utf8mb4_0900_ai_ci NULL DEFAULT NULL,
  `group_name` varchar(255) CHARACTER SET utf8mb4 COLLATE utf8mb4_0900_ai_ci NULL DEFAULT NULL,
  `group_icon` varchar(255) CHARACTER SET utf8mb4 COLLATE utf8mb4_0900_ai_ci NULL DEFAULT NULL,
  PRIMARY KEY (`id`) USING BTREE
) ENGINE = InnoDB AUTO_INCREMENT = 10 CHARACTER SET = utf8mb4 COLLATE = utf8mb4_0900_ai_ci ROW_FORMAT = Dynamic;

-- ----------------------------
-- Records of routers
-- ----------------------------
INSERT INTO `routers` VALUES ('2023-03-26 10:28:16', '2023-03-26 10:28:20', NULL, 3, NULL, 50, 'admin', 'admin', 'adminManager', 'el-icon-s-check', '用户管理', 'admin', '系统管理', 'el-icon-s-check');
INSERT INTO `routers` VALUES ('2023-03-30 16:41:26', '2023-03-30 16:41:29', NULL, 6, NULL, 1, 'templateList', 'templateList', 'templateList', 'el-icon-s-grid', '画布列表', 'design', '功能界面', 'el-icon-s-grid');
INSERT INTO `routers` VALUES ('2023-03-30 16:45:46', '2023-03-30 16:45:48', NULL, 7, NULL, 1, 'componentList', 'componentList', 'componentList', 'el-icon-s-grid', '组件列表', 'design', '功能界面', 'el-icon-s-grid');
INSERT INTO `routers` VALUES ('2023-04-25 14:39:35', '2023-04-25 14:39:38', NULL, 8, NULL, 50, 'componentManager', 'componentManager', 'componentManager', 'el-icon-s-grid', '画布组件管理', 'admin', '系统管理', 'el-icon-s-check');
INSERT INTO `routers` VALUES ('2023-05-08 11:46:16', '2023-05-08 11:46:18', NULL, 9, NULL, 999, 'systemComponentManager', 'systemComponentManager', 'systemComponentManager', 'el-icon-s-grid', '系统组件管理', 'admin', '系统管理', 'el-icon-s-check');

-- ----------------------------
-- Table structure for template_classification
-- ----------------------------
DROP TABLE IF EXISTS `template_classification`;
CREATE TABLE `template_classification`  (
  `created_at` datetime NULL DEFAULT NULL,
  `updated_at` datetime NULL DEFAULT NULL,
  `deleted_at` datetime NULL DEFAULT NULL,
  `id` bigint NOT NULL AUTO_INCREMENT,
  `type` varchar(255) CHARACTER SET utf8mb4 COLLATE utf8mb4_0900_ai_ci NULL DEFAULT NULL,
  `label` varchar(255) CHARACTER SET utf8mb4 COLLATE utf8mb4_0900_ai_ci NULL DEFAULT NULL,
  `component` varchar(255) CHARACTER SET utf8mb4 COLLATE utf8mb4_0900_ai_ci NULL DEFAULT NULL,
  `icon` varchar(255) CHARACTER SET utf8mb4 COLLATE utf8mb4_0900_ai_ci NULL DEFAULT NULL,
  PRIMARY KEY (`id`) USING BTREE,
  INDEX `type`(`type` ASC) USING BTREE
) ENGINE = InnoDB AUTO_INCREMENT = 5 CHARACTER SET = utf8mb4 COLLATE = utf8mb4_0900_ai_ci ROW_FORMAT = Dynamic;

-- ----------------------------
-- Records of template_classification
-- ----------------------------
INSERT INTO `template_classification` VALUES ('2023-04-03 15:39:59', '2023-05-11 08:45:47', NULL, 1, 'layout', '布局', 'chartList', 'el-icon-bell');
INSERT INTO `template_classification` VALUES ('2023-04-03 15:40:53', '2023-05-12 12:30:58', NULL, 2, 'eCharts', 'eCharts', 'chartList', 'el-icon-menu');
INSERT INTO `template_classification` VALUES ('2023-04-03 15:42:11', '2023-04-03 15:42:13', NULL, 3, 'decorate', '装饰', 'chartList', 'el-icon-s-open');
INSERT INTO `template_classification` VALUES ('2023-04-25 13:52:08', '2023-04-25 13:52:11', NULL, 4, 'font', '字体', 'chartList', 'el-icon-info');

-- ----------------------------
-- Table structure for users
-- ----------------------------
DROP TABLE IF EXISTS `users`;
CREATE TABLE `users`  (
  `created_at` datetime NULL DEFAULT NULL,
  `updated_at` datetime NULL DEFAULT NULL,
  `deleted_at` datetime NULL DEFAULT NULL,
  `id` int NOT NULL AUTO_INCREMENT,
  `user_name` varchar(255) CHARACTER SET utf8mb4 COLLATE utf8mb4_0900_ai_ci NULL DEFAULT NULL,
  `password` varchar(255) CHARACTER SET utf8mb4 COLLATE utf8mb4_0900_ai_ci NULL DEFAULT NULL,
  `email` varchar(255) CHARACTER SET utf8mb4 COLLATE utf8mb4_0900_ai_ci NULL DEFAULT NULL,
  `role_id` int NULL DEFAULT NULL,
  `group_id` json NULL COMMENT '所有组信息',
  PRIMARY KEY (`id`) USING BTREE,
  INDEX `to_roles`(`role_id` ASC) USING BTREE,
  CONSTRAINT `to_roles` FOREIGN KEY (`role_id`) REFERENCES `roles` (`id`) ON DELETE RESTRICT ON UPDATE RESTRICT
) ENGINE = InnoDB AUTO_INCREMENT = 10 CHARACTER SET = utf8mb4 COLLATE = utf8mb4_0900_ai_ci ROW_FORMAT = Dynamic;

-- ----------------------------
-- Records of users
-- ----------------------------
INSERT INTO `users` VALUES ('2023-03-29 17:59:23', '2023-04-25 17:14:13', NULL, 8, '测试1', NULL, '751937560@qq.com', 2, NULL);
INSERT INTO `users` VALUES ('2023-04-08 11:05:24', '2023-04-25 17:12:32', NULL, 9, 'chengjiang_09@163.com', NULL, 'chengjiang_09@163.com', 1, NULL);

SET FOREIGN_KEY_CHECKS = 1;
